/*
SQLyog 企业版 - MySQL GUI v8.14 
MySQL - 5.5.11 : Database - hongkou_plaza
*********************************************************************
*/

/*!40101 SET NAMES utf8 */;

/*!40101 SET SQL_MODE=''*/;

/*!40014 SET @OLD_UNIQUE_CHECKS=@@UNIQUE_CHECKS, UNIQUE_CHECKS=0 */;
/*!40101 SET @OLD_SQL_MODE=@@SQL_MODE, SQL_MODE='NO_AUTO_VALUE_ON_ZERO' */;
/*!40111 SET @OLD_SQL_NOTES=@@SQL_NOTES, SQL_NOTES=0 */;
CREATE DATABASE /*!32312 IF NOT EXISTS*/`hongkou_plaza` /*!40100 DEFAULT CHARACTER SET utf8 */;

USE `hongkou_plaza`;

/*Table structure for table `administrators` */

DROP TABLE IF EXISTS `administrators`;

CREATE TABLE `administrators` (
  `id` int(11) unsigned NOT NULL AUTO_INCREMENT,
  `created` datetime DEFAULT '0000-00-00 00:00:00',
  `modified` datetime DEFAULT '0000-00-00 00:00:00',
  `deleted` tinyint(1) DEFAULT '0',
  `username` varchar(255) DEFAULT NULL,
  `password` varchar(255) DEFAULT NULL,
  `last_login_time` datetime DEFAULT NULL,
  `last_login_ip` varchar(255) DEFAULT NULL,
  PRIMARY KEY (`id`)
) ENGINE=InnoDB AUTO_INCREMENT=2 DEFAULT CHARSET=utf8;

/*Data for the table `administrators` */

LOCK TABLES `administrators` WRITE;

insert  into `administrators`(`id`,`created`,`modified`,`deleted`,`username`,`password`,`last_login_time`,`last_login_ip`) values (1,'0000-00-00 00:00:00','2011-10-08 11:57:13',0,'admin','acc294d477c6634b7f31717044807773','2011-10-08 11:57:13','127.0.0.1');

UNLOCK TABLES;

/*Table structure for table `brand_event` */

DROP TABLE IF EXISTS `brand_event`;

CREATE TABLE `brand_event` (
  `id` int(11) unsigned NOT NULL AUTO_INCREMENT,
  `brand_id` int(11) unsigned NOT NULL,
  `event_id` int(11) unsigned NOT NULL,
  PRIMARY KEY (`id`),
  UNIQUE KEY `Relation` (`brand_id`,`event_id`),
  KEY `event_index` (`event_id`),
  KEY `brand_index` (`brand_id`),
  CONSTRAINT `FK_brand_event` FOREIGN KEY (`brand_id`) REFERENCES `brands` (`id`),
  CONSTRAINT `FK_event_brand` FOREIGN KEY (`event_id`) REFERENCES `events` (`id`)
) ENGINE=InnoDB AUTO_INCREMENT=213 DEFAULT CHARSET=utf8;

/*Data for the table `brand_event` */

LOCK TABLES `brand_event` WRITE;

insert  into `brand_event`(`id`,`brand_id`,`event_id`) values (212,7,45),(111,7,46),(191,8,45),(135,8,46),(192,9,45),(193,14,45),(194,15,45),(195,20,45),(196,21,45),(197,26,45),(198,27,45),(150,27,46),(199,32,45),(139,32,46),(200,33,45),(201,38,45),(202,39,45),(164,40,46),(203,44,45),(204,45,45),(156,45,46),(129,49,46),(205,50,45),(142,50,46),(206,51,45),(158,51,46);

UNLOCK TABLES;

/*Table structure for table `brands` */

DROP TABLE IF EXISTS `brands`;

CREATE TABLE `brands` (
  `id` int(11) unsigned NOT NULL AUTO_INCREMENT,
  `created` datetime DEFAULT '0000-00-00 00:00:00',
  `modified` datetime DEFAULT '0000-00-00 00:00:00',
  `deleted` tinyint(1) DEFAULT '0',
  `title` varchar(255) DEFAULT NULL,
  `title_en` varchar(255) DEFAULT NULL,
  `shop_id` varchar(255) DEFAULT NULL,
  `guide_id` varchar(255) DEFAULT NULL,
  `floor` varchar(255) DEFAULT NULL,
  `cat_main` int(11) DEFAULT '0',
  `cat_sub` int(11) DEFAULT '0',
  `jh_card` tinyint(1) DEFAULT '0',
  `keyword` varchar(255) DEFAULT NULL,
  `operation` varchar(255) DEFAULT NULL,
  `website` varchar(255) DEFAULT NULL,
  `style` varchar(255) DEFAULT NULL,
  `phone` varchar(255) DEFAULT NULL,
  `openhours` varchar(255) DEFAULT NULL,
  `brief` text,
  `logo` varchar(255) DEFAULT NULL,
  `main_photo` varchar(255) DEFAULT NULL,
  `photo1` varchar(255) DEFAULT NULL,
  `photo2` varchar(255) DEFAULT NULL,
  `photo3` varchar(255) DEFAULT NULL,
  `photo4` varchar(255) DEFAULT NULL,
  `featured` tinyint(1) DEFAULT '0',
  PRIMARY KEY (`id`),
  KEY `id` (`id`)
) ENGINE=InnoDB AUTO_INCREMENT=55 DEFAULT CHARSET=utf8;

/*Data for the table `brands` */

LOCK TABLES `brands` WRITE;

insert  into `brands`(`id`,`created`,`modified`,`deleted`,`title`,`title_en`,`shop_id`,`guide_id`,`floor`,`cat_main`,`cat_sub`,`jh_card`,`keyword`,`operation`,`website`,`style`,`phone`,`openhours`,`brief`,`logo`,`main_photo`,`photo1`,`photo2`,`photo3`,`photo4`,`featured`) values (7,'2011-09-18 19:03:04','2011-09-20 00:58:03',0,'品牌测试','brand test','L2iquwiek','fiqowieajksjfk','B2',1,1,1,'品牌测试','品牌测试','http://www.google.com','品牌测试','021-12345678','品牌测试','虹口龙之梦虹口龙之梦虹口龙之梦虹口龙之梦虹口龙之梦虹口龙之梦虹口龙之梦虹口龙之梦虹口龙之梦虹口龙之梦虹口龙之梦虹口龙之梦虹口龙之梦虹口龙之梦虹口龙之梦虹口龙之梦虹口龙之梦虹口龙之梦虹口龙之梦虹口龙之梦虹口龙之梦虹口龙之梦虹口龙之梦虹口龙之梦虹口龙之梦虹口龙之梦虹口龙之梦虹口龙之梦虹口龙之梦虹口龙之梦虹口龙之梦虹口龙之梦虹口龙之梦虹口龙之梦虹口龙之梦虹口龙之梦虹口龙之梦虹口龙之梦虹口龙之梦虹口龙之梦虹口龙之梦虹口龙之梦虹口龙之梦虹口龙之梦虹口龙之梦虹口龙之梦虹口龙之梦虹口龙之梦虹口龙之梦虹口龙之梦虹口龙之梦虹口龙之梦','4e75cfe7-0764-483a-9637-193c175d9a6b.png','4e75cfe7-94ec-4f33-b976-193c175d9a6b.jpg','4e75cfe7-a224-4e66-b9cb-193c175d9a6b.jpg','4e75cfe7-b3a8-4bca-96c0-193c175d9a6b.gif','4e75cfe7-60f0-4caf-a559-193c175d9a6b.jpg','4e75cfe8-0b4c-4ad5-8596-193c175d9a6b.gif',1),(8,'2011-09-18 19:03:04','2011-09-20 00:58:03',0,'品牌测试','brand test','L2iquwiek','fiqowieajksjfk','B2',1,1,1,'品牌测试','品牌测试','http://www.google.com','品牌测试','021-12345678','品牌测试','虹口龙之梦虹口龙之梦虹口龙之梦虹口龙之梦虹口龙之梦虹口龙之梦虹口龙之梦虹口龙之梦虹口龙之梦虹口龙之梦虹口龙之梦虹口龙之梦虹口龙之梦虹口龙之梦虹口龙之梦虹口龙之梦虹口龙之梦虹口龙之梦虹口龙之梦虹口龙之梦虹口龙之梦虹口龙之梦虹口龙之梦虹口龙之梦虹口龙之梦虹口龙之梦虹口龙之梦虹口龙之梦虹口龙之梦虹口龙之梦虹口龙之梦虹口龙之梦虹口龙之梦虹口龙之梦虹口龙之梦虹口龙之梦虹口龙之梦虹口龙之梦虹口龙之梦虹口龙之梦虹口龙之梦虹口龙之梦虹口龙之梦虹口龙之梦虹口龙之梦虹口龙之梦虹口龙之梦虹口龙之梦虹口龙之梦虹口龙之梦虹口龙之梦虹口龙之梦','4e75cfe7-0764-483a-9637-193c175d9a6b.png','4e75cfe7-94ec-4f33-b976-193c175d9a6b.jpg','4e75cfe7-a224-4e66-b9cb-193c175d9a6b.jpg','4e75cfe7-b3a8-4bca-96c0-193c175d9a6b.gif','4e75cfe7-60f0-4caf-a559-193c175d9a6b.jpg','4e75cfe8-0b4c-4ad5-8596-193c175d9a6b.gif',1),(9,'2011-09-18 19:03:04','2011-09-20 00:55:46',0,'品牌测试','brand test','L2iquwiek','fiqowieajksjfk','B2',1,1,1,'品牌测试','品牌测试','http://www.google.com','品牌测试','021-12345678','品牌测试','虹口龙之梦虹口龙之梦虹口龙之梦虹口龙之梦虹口龙之梦虹口龙之梦虹口龙之梦虹口龙之梦虹口龙之梦虹口龙之梦虹口龙之梦虹口龙之梦虹口龙之梦虹口龙之梦虹口龙之梦虹口龙之梦虹口龙之梦虹口龙之梦虹口龙之梦虹口龙之梦虹口龙之梦虹口龙之梦虹口龙之梦虹口龙之梦虹口龙之梦虹口龙之梦虹口龙之梦虹口龙之梦虹口龙之梦虹口龙之梦虹口龙之梦虹口龙之梦虹口龙之梦虹口龙之梦虹口龙之梦虹口龙之梦虹口龙之梦虹口龙之梦虹口龙之梦虹口龙之梦虹口龙之梦虹口龙之梦虹口龙之梦虹口龙之梦虹口龙之梦虹口龙之梦虹口龙之梦虹口龙之梦虹口龙之梦虹口龙之梦虹口龙之梦虹口龙之梦','4e75cfe7-0764-483a-9637-193c175d9a6b.png','4e75cfe7-94ec-4f33-b976-193c175d9a6b.jpg','4e75cfe7-a224-4e66-b9cb-193c175d9a6b.jpg','4e75cfe7-b3a8-4bca-96c0-193c175d9a6b.gif','4e75cfe7-60f0-4caf-a559-193c175d9a6b.jpg','4e75cfe8-0b4c-4ad5-8596-193c175d9a6b.gif',0),(10,'2011-09-18 19:03:04','2011-09-18 19:03:04',0,'品牌测试','brand test','L2iquwiek','fiqowieajksjfk','B2',1,5,1,'品牌测试','品牌测试','http://www.google.com','品牌测试','021-12345678','品牌测试','虹口龙之梦虹口龙之梦虹口龙之梦虹口龙之梦虹口龙之梦虹口龙之梦虹口龙之梦虹口龙之梦虹口龙之梦虹口龙之梦虹口龙之梦虹口龙之梦虹口龙之梦虹口龙之梦虹口龙之梦虹口龙之梦虹口龙之梦虹口龙之梦虹口龙之梦虹口龙之梦虹口龙之梦虹口龙之梦虹口龙之梦虹口龙之梦虹口龙之梦虹口龙之梦虹口龙之梦虹口龙之梦虹口龙之梦虹口龙之梦虹口龙之梦虹口龙之梦虹口龙之梦虹口龙之梦虹口龙之梦虹口龙之梦虹口龙之梦虹口龙之梦虹口龙之梦虹口龙之梦虹口龙之梦虹口龙之梦虹口龙之梦虹口龙之梦虹口龙之梦虹口龙之梦虹口龙之梦虹口龙之梦虹口龙之梦虹口龙之梦虹口龙之梦虹口龙之梦','4e75cfe7-0764-483a-9637-193c175d9a6b.png','4e75cfe7-94ec-4f33-b976-193c175d9a6b.jpg','4e75cfe7-a224-4e66-b9cb-193c175d9a6b.jpg','4e75cfe7-b3a8-4bca-96c0-193c175d9a6b.gif','4e75cfe7-60f0-4caf-a559-193c175d9a6b.jpg','4e75cfe8-0b4c-4ad5-8596-193c175d9a6b.gif',0),(11,'2011-09-18 19:03:04','2011-09-18 19:03:04',0,'品牌测试','brand test','L2iquwiek','fiqowieajksjfk','B2',1,5,1,'品牌测试','品牌测试','http://www.google.com','品牌测试','021-12345678','品牌测试','虹口龙之梦虹口龙之梦虹口龙之梦虹口龙之梦虹口龙之梦虹口龙之梦虹口龙之梦虹口龙之梦虹口龙之梦虹口龙之梦虹口龙之梦虹口龙之梦虹口龙之梦虹口龙之梦虹口龙之梦虹口龙之梦虹口龙之梦虹口龙之梦虹口龙之梦虹口龙之梦虹口龙之梦虹口龙之梦虹口龙之梦虹口龙之梦虹口龙之梦虹口龙之梦虹口龙之梦虹口龙之梦虹口龙之梦虹口龙之梦虹口龙之梦虹口龙之梦虹口龙之梦虹口龙之梦虹口龙之梦虹口龙之梦虹口龙之梦虹口龙之梦虹口龙之梦虹口龙之梦虹口龙之梦虹口龙之梦虹口龙之梦虹口龙之梦虹口龙之梦虹口龙之梦虹口龙之梦虹口龙之梦虹口龙之梦虹口龙之梦虹口龙之梦虹口龙之梦','4e75cfe7-0764-483a-9637-193c175d9a6b.png','4e75cfe7-94ec-4f33-b976-193c175d9a6b.jpg','4e75cfe7-a224-4e66-b9cb-193c175d9a6b.jpg','4e75cfe7-b3a8-4bca-96c0-193c175d9a6b.gif','4e75cfe7-60f0-4caf-a559-193c175d9a6b.jpg','4e75cfe8-0b4c-4ad5-8596-193c175d9a6b.gif',0),(12,'2011-09-18 19:03:04','2011-09-18 19:03:04',0,'品牌测试','brand test','L2iquwiek','fiqowieajksjfk','B2',1,5,1,'品牌测试','品牌测试','http://www.google.com','品牌测试','021-12345678','品牌测试','虹口龙之梦虹口龙之梦虹口龙之梦虹口龙之梦虹口龙之梦虹口龙之梦虹口龙之梦虹口龙之梦虹口龙之梦虹口龙之梦虹口龙之梦虹口龙之梦虹口龙之梦虹口龙之梦虹口龙之梦虹口龙之梦虹口龙之梦虹口龙之梦虹口龙之梦虹口龙之梦虹口龙之梦虹口龙之梦虹口龙之梦虹口龙之梦虹口龙之梦虹口龙之梦虹口龙之梦虹口龙之梦虹口龙之梦虹口龙之梦虹口龙之梦虹口龙之梦虹口龙之梦虹口龙之梦虹口龙之梦虹口龙之梦虹口龙之梦虹口龙之梦虹口龙之梦虹口龙之梦虹口龙之梦虹口龙之梦虹口龙之梦虹口龙之梦虹口龙之梦虹口龙之梦虹口龙之梦虹口龙之梦虹口龙之梦虹口龙之梦虹口龙之梦虹口龙之梦','4e75cfe7-0764-483a-9637-193c175d9a6b.png','4e75cfe7-94ec-4f33-b976-193c175d9a6b.jpg','4e75cfe7-a224-4e66-b9cb-193c175d9a6b.jpg','4e75cfe7-b3a8-4bca-96c0-193c175d9a6b.gif','4e75cfe7-60f0-4caf-a559-193c175d9a6b.jpg','4e75cfe8-0b4c-4ad5-8596-193c175d9a6b.gif',0),(13,'2011-09-18 19:03:04','2011-09-18 19:03:04',0,'品牌测试','brand test','L2iquwiek','fiqowieajksjfk','B2',1,5,1,'品牌测试','品牌测试','http://www.google.com','品牌测试','021-12345678','品牌测试','虹口龙之梦虹口龙之梦虹口龙之梦虹口龙之梦虹口龙之梦虹口龙之梦虹口龙之梦虹口龙之梦虹口龙之梦虹口龙之梦虹口龙之梦虹口龙之梦虹口龙之梦虹口龙之梦虹口龙之梦虹口龙之梦虹口龙之梦虹口龙之梦虹口龙之梦虹口龙之梦虹口龙之梦虹口龙之梦虹口龙之梦虹口龙之梦虹口龙之梦虹口龙之梦虹口龙之梦虹口龙之梦虹口龙之梦虹口龙之梦虹口龙之梦虹口龙之梦虹口龙之梦虹口龙之梦虹口龙之梦虹口龙之梦虹口龙之梦虹口龙之梦虹口龙之梦虹口龙之梦虹口龙之梦虹口龙之梦虹口龙之梦虹口龙之梦虹口龙之梦虹口龙之梦虹口龙之梦虹口龙之梦虹口龙之梦虹口龙之梦虹口龙之梦虹口龙之梦','4e75cfe7-0764-483a-9637-193c175d9a6b.png','4e75cfe7-94ec-4f33-b976-193c175d9a6b.jpg','4e75cfe7-a224-4e66-b9cb-193c175d9a6b.jpg','4e75cfe7-b3a8-4bca-96c0-193c175d9a6b.gif','4e75cfe7-60f0-4caf-a559-193c175d9a6b.jpg','4e75cfe8-0b4c-4ad5-8596-193c175d9a6b.gif',0),(14,'2011-09-18 19:03:04','2011-09-20 00:58:03',0,'品牌测试','brand test','L2iquwiek','fiqowieajksjfk','B2',1,5,1,'品牌测试','品牌测试','http://www.google.com','品牌测试','021-12345678','品牌测试','虹口龙之梦虹口龙之梦虹口龙之梦虹口龙之梦虹口龙之梦虹口龙之梦虹口龙之梦虹口龙之梦虹口龙之梦虹口龙之梦虹口龙之梦虹口龙之梦虹口龙之梦虹口龙之梦虹口龙之梦虹口龙之梦虹口龙之梦虹口龙之梦虹口龙之梦虹口龙之梦虹口龙之梦虹口龙之梦虹口龙之梦虹口龙之梦虹口龙之梦虹口龙之梦虹口龙之梦虹口龙之梦虹口龙之梦虹口龙之梦虹口龙之梦虹口龙之梦虹口龙之梦虹口龙之梦虹口龙之梦虹口龙之梦虹口龙之梦虹口龙之梦虹口龙之梦虹口龙之梦虹口龙之梦虹口龙之梦虹口龙之梦虹口龙之梦虹口龙之梦虹口龙之梦虹口龙之梦虹口龙之梦虹口龙之梦虹口龙之梦虹口龙之梦虹口龙之梦','4e75cfe7-0764-483a-9637-193c175d9a6b.png','4e75cfe7-94ec-4f33-b976-193c175d9a6b.jpg','4e75cfe7-a224-4e66-b9cb-193c175d9a6b.jpg','4e75cfe7-b3a8-4bca-96c0-193c175d9a6b.gif','4e75cfe7-60f0-4caf-a559-193c175d9a6b.jpg','4e75cfe8-0b4c-4ad5-8596-193c175d9a6b.gif',1),(15,'2011-09-18 19:03:04','2011-09-20 00:58:03',0,'品牌测试','brand test','L2iquwiek','fiqowieajksjfk','B2',1,5,1,'品牌测试','品牌测试','http://www.google.com','品牌测试','021-12345678','品牌测试','虹口龙之梦虹口龙之梦虹口龙之梦虹口龙之梦虹口龙之梦虹口龙之梦虹口龙之梦虹口龙之梦虹口龙之梦虹口龙之梦虹口龙之梦虹口龙之梦虹口龙之梦虹口龙之梦虹口龙之梦虹口龙之梦虹口龙之梦虹口龙之梦虹口龙之梦虹口龙之梦虹口龙之梦虹口龙之梦虹口龙之梦虹口龙之梦虹口龙之梦虹口龙之梦虹口龙之梦虹口龙之梦虹口龙之梦虹口龙之梦虹口龙之梦虹口龙之梦虹口龙之梦虹口龙之梦虹口龙之梦虹口龙之梦虹口龙之梦虹口龙之梦虹口龙之梦虹口龙之梦虹口龙之梦虹口龙之梦虹口龙之梦虹口龙之梦虹口龙之梦虹口龙之梦虹口龙之梦虹口龙之梦虹口龙之梦虹口龙之梦虹口龙之梦虹口龙之梦','4e75cfe7-0764-483a-9637-193c175d9a6b.png','4e75cfe7-94ec-4f33-b976-193c175d9a6b.jpg','4e75cfe7-a224-4e66-b9cb-193c175d9a6b.jpg','4e75cfe7-b3a8-4bca-96c0-193c175d9a6b.gif','4e75cfe7-60f0-4caf-a559-193c175d9a6b.jpg','4e75cfe8-0b4c-4ad5-8596-193c175d9a6b.gif',1),(16,'2011-09-18 19:03:04','2011-09-20 00:55:51',0,'品牌测试','brand test','L2iquwiek','fiqowieajksjfk','B2',1,5,1,'品牌测试','品牌测试','http://www.google.com','品牌测试','021-12345678','品牌测试','虹口龙之梦虹口龙之梦虹口龙之梦虹口龙之梦虹口龙之梦虹口龙之梦虹口龙之梦虹口龙之梦虹口龙之梦虹口龙之梦虹口龙之梦虹口龙之梦虹口龙之梦虹口龙之梦虹口龙之梦虹口龙之梦虹口龙之梦虹口龙之梦虹口龙之梦虹口龙之梦虹口龙之梦虹口龙之梦虹口龙之梦虹口龙之梦虹口龙之梦虹口龙之梦虹口龙之梦虹口龙之梦虹口龙之梦虹口龙之梦虹口龙之梦虹口龙之梦虹口龙之梦虹口龙之梦虹口龙之梦虹口龙之梦虹口龙之梦虹口龙之梦虹口龙之梦虹口龙之梦虹口龙之梦虹口龙之梦虹口龙之梦虹口龙之梦虹口龙之梦虹口龙之梦虹口龙之梦虹口龙之梦虹口龙之梦虹口龙之梦虹口龙之梦虹口龙之梦','4e75cfe7-0764-483a-9637-193c175d9a6b.png','4e75cfe7-94ec-4f33-b976-193c175d9a6b.jpg','4e75cfe7-a224-4e66-b9cb-193c175d9a6b.jpg','4e75cfe7-b3a8-4bca-96c0-193c175d9a6b.gif','4e75cfe7-60f0-4caf-a559-193c175d9a6b.jpg','4e75cfe8-0b4c-4ad5-8596-193c175d9a6b.gif',0),(17,'2011-09-18 19:03:04','2011-09-18 19:03:04',0,'品牌测试','brand test','L2iquwiek','fiqowieajksjfk','B2',1,5,1,'品牌测试','品牌测试','http://www.google.com','品牌测试','021-12345678','品牌测试','虹口龙之梦虹口龙之梦虹口龙之梦虹口龙之梦虹口龙之梦虹口龙之梦虹口龙之梦虹口龙之梦虹口龙之梦虹口龙之梦虹口龙之梦虹口龙之梦虹口龙之梦虹口龙之梦虹口龙之梦虹口龙之梦虹口龙之梦虹口龙之梦虹口龙之梦虹口龙之梦虹口龙之梦虹口龙之梦虹口龙之梦虹口龙之梦虹口龙之梦虹口龙之梦虹口龙之梦虹口龙之梦虹口龙之梦虹口龙之梦虹口龙之梦虹口龙之梦虹口龙之梦虹口龙之梦虹口龙之梦虹口龙之梦虹口龙之梦虹口龙之梦虹口龙之梦虹口龙之梦虹口龙之梦虹口龙之梦虹口龙之梦虹口龙之梦虹口龙之梦虹口龙之梦虹口龙之梦虹口龙之梦虹口龙之梦虹口龙之梦虹口龙之梦虹口龙之梦','4e75cfe7-0764-483a-9637-193c175d9a6b.png','4e75cfe7-94ec-4f33-b976-193c175d9a6b.jpg','4e75cfe7-a224-4e66-b9cb-193c175d9a6b.jpg','4e75cfe7-b3a8-4bca-96c0-193c175d9a6b.gif','4e75cfe7-60f0-4caf-a559-193c175d9a6b.jpg','4e75cfe8-0b4c-4ad5-8596-193c175d9a6b.gif',0),(18,'2011-09-18 19:03:04','2011-09-18 19:03:04',0,'品牌测试','brand test','L2iquwiek','fiqowieajksjfk','B2',1,5,1,'品牌测试','品牌测试','http://www.google.com','品牌测试','021-12345678','品牌测试','虹口龙之梦虹口龙之梦虹口龙之梦虹口龙之梦虹口龙之梦虹口龙之梦虹口龙之梦虹口龙之梦虹口龙之梦虹口龙之梦虹口龙之梦虹口龙之梦虹口龙之梦虹口龙之梦虹口龙之梦虹口龙之梦虹口龙之梦虹口龙之梦虹口龙之梦虹口龙之梦虹口龙之梦虹口龙之梦虹口龙之梦虹口龙之梦虹口龙之梦虹口龙之梦虹口龙之梦虹口龙之梦虹口龙之梦虹口龙之梦虹口龙之梦虹口龙之梦虹口龙之梦虹口龙之梦虹口龙之梦虹口龙之梦虹口龙之梦虹口龙之梦虹口龙之梦虹口龙之梦虹口龙之梦虹口龙之梦虹口龙之梦虹口龙之梦虹口龙之梦虹口龙之梦虹口龙之梦虹口龙之梦虹口龙之梦虹口龙之梦虹口龙之梦虹口龙之梦','4e75cfe7-0764-483a-9637-193c175d9a6b.png','4e75cfe7-94ec-4f33-b976-193c175d9a6b.jpg','4e75cfe7-a224-4e66-b9cb-193c175d9a6b.jpg','4e75cfe7-b3a8-4bca-96c0-193c175d9a6b.gif','4e75cfe7-60f0-4caf-a559-193c175d9a6b.jpg','4e75cfe8-0b4c-4ad5-8596-193c175d9a6b.gif',0),(19,'2011-09-18 19:03:04','2011-09-18 19:03:04',0,'品牌测试','brand test','L2iquwiek','fiqowieajksjfk','B2',1,5,1,'品牌测试','品牌测试','http://www.google.com','品牌测试','021-12345678','品牌测试','虹口龙之梦虹口龙之梦虹口龙之梦虹口龙之梦虹口龙之梦虹口龙之梦虹口龙之梦虹口龙之梦虹口龙之梦虹口龙之梦虹口龙之梦虹口龙之梦虹口龙之梦虹口龙之梦虹口龙之梦虹口龙之梦虹口龙之梦虹口龙之梦虹口龙之梦虹口龙之梦虹口龙之梦虹口龙之梦虹口龙之梦虹口龙之梦虹口龙之梦虹口龙之梦虹口龙之梦虹口龙之梦虹口龙之梦虹口龙之梦虹口龙之梦虹口龙之梦虹口龙之梦虹口龙之梦虹口龙之梦虹口龙之梦虹口龙之梦虹口龙之梦虹口龙之梦虹口龙之梦虹口龙之梦虹口龙之梦虹口龙之梦虹口龙之梦虹口龙之梦虹口龙之梦虹口龙之梦虹口龙之梦虹口龙之梦虹口龙之梦虹口龙之梦虹口龙之梦','4e75cfe7-0764-483a-9637-193c175d9a6b.png','4e75cfe7-94ec-4f33-b976-193c175d9a6b.jpg','4e75cfe7-a224-4e66-b9cb-193c175d9a6b.jpg','4e75cfe7-b3a8-4bca-96c0-193c175d9a6b.gif','4e75cfe7-60f0-4caf-a559-193c175d9a6b.jpg','4e75cfe8-0b4c-4ad5-8596-193c175d9a6b.gif',0),(20,'2011-09-18 19:03:04','2011-09-18 19:03:04',0,'品牌测试','brand test','L2iquwiek','fiqowieajksjfk','B2',2,4,1,'品牌测试','品牌测试','http://www.google.com','品牌测试','021-12345678','品牌测试','虹口龙之梦虹口龙之梦虹口龙之梦虹口龙之梦虹口龙之梦虹口龙之梦虹口龙之梦虹口龙之梦虹口龙之梦虹口龙之梦虹口龙之梦虹口龙之梦虹口龙之梦虹口龙之梦虹口龙之梦虹口龙之梦虹口龙之梦虹口龙之梦虹口龙之梦虹口龙之梦虹口龙之梦虹口龙之梦虹口龙之梦虹口龙之梦虹口龙之梦虹口龙之梦虹口龙之梦虹口龙之梦虹口龙之梦虹口龙之梦虹口龙之梦虹口龙之梦虹口龙之梦虹口龙之梦虹口龙之梦虹口龙之梦虹口龙之梦虹口龙之梦虹口龙之梦虹口龙之梦虹口龙之梦虹口龙之梦虹口龙之梦虹口龙之梦虹口龙之梦虹口龙之梦虹口龙之梦虹口龙之梦虹口龙之梦虹口龙之梦虹口龙之梦虹口龙之梦','4e75cfe7-0764-483a-9637-193c175d9a6b.png','4e75cfe7-94ec-4f33-b976-193c175d9a6b.jpg','4e75cfe7-a224-4e66-b9cb-193c175d9a6b.jpg','4e75cfe7-b3a8-4bca-96c0-193c175d9a6b.gif','4e75cfe7-60f0-4caf-a559-193c175d9a6b.jpg','4e75cfe8-0b4c-4ad5-8596-193c175d9a6b.gif',0),(21,'2011-09-18 19:03:04','2011-09-20 00:58:03',0,'品牌测试','brand test','L2iquwiek','fiqowieajksjfk','B2',2,4,1,'品牌测试','品牌测试','http://www.google.com','品牌测试','021-12345678','品牌测试','虹口龙之梦虹口龙之梦虹口龙之梦虹口龙之梦虹口龙之梦虹口龙之梦虹口龙之梦虹口龙之梦虹口龙之梦虹口龙之梦虹口龙之梦虹口龙之梦虹口龙之梦虹口龙之梦虹口龙之梦虹口龙之梦虹口龙之梦虹口龙之梦虹口龙之梦虹口龙之梦虹口龙之梦虹口龙之梦虹口龙之梦虹口龙之梦虹口龙之梦虹口龙之梦虹口龙之梦虹口龙之梦虹口龙之梦虹口龙之梦虹口龙之梦虹口龙之梦虹口龙之梦虹口龙之梦虹口龙之梦虹口龙之梦虹口龙之梦虹口龙之梦虹口龙之梦虹口龙之梦虹口龙之梦虹口龙之梦虹口龙之梦虹口龙之梦虹口龙之梦虹口龙之梦虹口龙之梦虹口龙之梦虹口龙之梦虹口龙之梦虹口龙之梦虹口龙之梦','4e75cfe7-0764-483a-9637-193c175d9a6b.png','4e75cfe7-94ec-4f33-b976-193c175d9a6b.jpg','4e75cfe7-a224-4e66-b9cb-193c175d9a6b.jpg','4e75cfe7-b3a8-4bca-96c0-193c175d9a6b.gif','4e75cfe7-60f0-4caf-a559-193c175d9a6b.jpg','4e75cfe8-0b4c-4ad5-8596-193c175d9a6b.gif',1),(22,'2011-09-18 19:03:04','2011-09-20 00:58:03',0,'品牌测试','brand test','L2iquwiek','fiqowieajksjfk','B2',2,4,1,'品牌测试','品牌测试','http://www.google.com','品牌测试','021-12345678','品牌测试','虹口龙之梦虹口龙之梦虹口龙之梦虹口龙之梦虹口龙之梦虹口龙之梦虹口龙之梦虹口龙之梦虹口龙之梦虹口龙之梦虹口龙之梦虹口龙之梦虹口龙之梦虹口龙之梦虹口龙之梦虹口龙之梦虹口龙之梦虹口龙之梦虹口龙之梦虹口龙之梦虹口龙之梦虹口龙之梦虹口龙之梦虹口龙之梦虹口龙之梦虹口龙之梦虹口龙之梦虹口龙之梦虹口龙之梦虹口龙之梦虹口龙之梦虹口龙之梦虹口龙之梦虹口龙之梦虹口龙之梦虹口龙之梦虹口龙之梦虹口龙之梦虹口龙之梦虹口龙之梦虹口龙之梦虹口龙之梦虹口龙之梦虹口龙之梦虹口龙之梦虹口龙之梦虹口龙之梦虹口龙之梦虹口龙之梦虹口龙之梦虹口龙之梦虹口龙之梦','4e75cfe7-0764-483a-9637-193c175d9a6b.png','4e75cfe7-94ec-4f33-b976-193c175d9a6b.jpg','4e75cfe7-a224-4e66-b9cb-193c175d9a6b.jpg','4e75cfe7-b3a8-4bca-96c0-193c175d9a6b.gif','4e75cfe7-60f0-4caf-a559-193c175d9a6b.jpg','4e75cfe8-0b4c-4ad5-8596-193c175d9a6b.gif',1),(23,'2011-09-18 19:03:04','2011-09-20 00:55:55',0,'品牌测试','brand test','L2iquwiek','fiqowieajksjfk','B2',2,4,1,'品牌测试','品牌测试','http://www.google.com','品牌测试','021-12345678','品牌测试','虹口龙之梦虹口龙之梦虹口龙之梦虹口龙之梦虹口龙之梦虹口龙之梦虹口龙之梦虹口龙之梦虹口龙之梦虹口龙之梦虹口龙之梦虹口龙之梦虹口龙之梦虹口龙之梦虹口龙之梦虹口龙之梦虹口龙之梦虹口龙之梦虹口龙之梦虹口龙之梦虹口龙之梦虹口龙之梦虹口龙之梦虹口龙之梦虹口龙之梦虹口龙之梦虹口龙之梦虹口龙之梦虹口龙之梦虹口龙之梦虹口龙之梦虹口龙之梦虹口龙之梦虹口龙之梦虹口龙之梦虹口龙之梦虹口龙之梦虹口龙之梦虹口龙之梦虹口龙之梦虹口龙之梦虹口龙之梦虹口龙之梦虹口龙之梦虹口龙之梦虹口龙之梦虹口龙之梦虹口龙之梦虹口龙之梦虹口龙之梦虹口龙之梦虹口龙之梦','4e75cfe7-0764-483a-9637-193c175d9a6b.png','4e75cfe7-94ec-4f33-b976-193c175d9a6b.jpg','4e75cfe7-a224-4e66-b9cb-193c175d9a6b.jpg','4e75cfe7-b3a8-4bca-96c0-193c175d9a6b.gif','4e75cfe7-60f0-4caf-a559-193c175d9a6b.jpg','4e75cfe8-0b4c-4ad5-8596-193c175d9a6b.gif',0),(24,'2011-09-18 19:03:04','2011-09-18 19:03:04',0,'品牌测试','brand test','L2iquwiek','fiqowieajksjfk','B2',2,4,1,'品牌测试','品牌测试','http://www.google.com','品牌测试','021-12345678','品牌测试','虹口龙之梦虹口龙之梦虹口龙之梦虹口龙之梦虹口龙之梦虹口龙之梦虹口龙之梦虹口龙之梦虹口龙之梦虹口龙之梦虹口龙之梦虹口龙之梦虹口龙之梦虹口龙之梦虹口龙之梦虹口龙之梦虹口龙之梦虹口龙之梦虹口龙之梦虹口龙之梦虹口龙之梦虹口龙之梦虹口龙之梦虹口龙之梦虹口龙之梦虹口龙之梦虹口龙之梦虹口龙之梦虹口龙之梦虹口龙之梦虹口龙之梦虹口龙之梦虹口龙之梦虹口龙之梦虹口龙之梦虹口龙之梦虹口龙之梦虹口龙之梦虹口龙之梦虹口龙之梦虹口龙之梦虹口龙之梦虹口龙之梦虹口龙之梦虹口龙之梦虹口龙之梦虹口龙之梦虹口龙之梦虹口龙之梦虹口龙之梦虹口龙之梦虹口龙之梦','4e75cfe7-0764-483a-9637-193c175d9a6b.png','4e75cfe7-94ec-4f33-b976-193c175d9a6b.jpg','4e75cfe7-a224-4e66-b9cb-193c175d9a6b.jpg','4e75cfe7-b3a8-4bca-96c0-193c175d9a6b.gif','4e75cfe7-60f0-4caf-a559-193c175d9a6b.jpg','4e75cfe8-0b4c-4ad5-8596-193c175d9a6b.gif',0),(25,'2011-09-18 19:03:04','2011-09-18 19:03:04',0,'品牌测试','brand test','L2iquwiek','fiqowieajksjfk','B2',2,4,1,'品牌测试','品牌测试','http://www.google.com','品牌测试','021-12345678','品牌测试','虹口龙之梦虹口龙之梦虹口龙之梦虹口龙之梦虹口龙之梦虹口龙之梦虹口龙之梦虹口龙之梦虹口龙之梦虹口龙之梦虹口龙之梦虹口龙之梦虹口龙之梦虹口龙之梦虹口龙之梦虹口龙之梦虹口龙之梦虹口龙之梦虹口龙之梦虹口龙之梦虹口龙之梦虹口龙之梦虹口龙之梦虹口龙之梦虹口龙之梦虹口龙之梦虹口龙之梦虹口龙之梦虹口龙之梦虹口龙之梦虹口龙之梦虹口龙之梦虹口龙之梦虹口龙之梦虹口龙之梦虹口龙之梦虹口龙之梦虹口龙之梦虹口龙之梦虹口龙之梦虹口龙之梦虹口龙之梦虹口龙之梦虹口龙之梦虹口龙之梦虹口龙之梦虹口龙之梦虹口龙之梦虹口龙之梦虹口龙之梦虹口龙之梦虹口龙之梦','4e75cfe7-0764-483a-9637-193c175d9a6b.png','4e75cfe7-94ec-4f33-b976-193c175d9a6b.jpg','4e75cfe7-a224-4e66-b9cb-193c175d9a6b.jpg','4e75cfe7-b3a8-4bca-96c0-193c175d9a6b.gif','4e75cfe7-60f0-4caf-a559-193c175d9a6b.jpg','4e75cfe8-0b4c-4ad5-8596-193c175d9a6b.gif',0),(26,'2011-09-18 19:03:04','2011-09-18 19:03:04',0,'品牌测试','brand test','L2iquwiek','fiqowieajksjfk','B2',2,4,1,'品牌测试','品牌测试','http://www.google.com','品牌测试','021-12345678','品牌测试','虹口龙之梦虹口龙之梦虹口龙之梦虹口龙之梦虹口龙之梦虹口龙之梦虹口龙之梦虹口龙之梦虹口龙之梦虹口龙之梦虹口龙之梦虹口龙之梦虹口龙之梦虹口龙之梦虹口龙之梦虹口龙之梦虹口龙之梦虹口龙之梦虹口龙之梦虹口龙之梦虹口龙之梦虹口龙之梦虹口龙之梦虹口龙之梦虹口龙之梦虹口龙之梦虹口龙之梦虹口龙之梦虹口龙之梦虹口龙之梦虹口龙之梦虹口龙之梦虹口龙之梦虹口龙之梦虹口龙之梦虹口龙之梦虹口龙之梦虹口龙之梦虹口龙之梦虹口龙之梦虹口龙之梦虹口龙之梦虹口龙之梦虹口龙之梦虹口龙之梦虹口龙之梦虹口龙之梦虹口龙之梦虹口龙之梦虹口龙之梦虹口龙之梦虹口龙之梦','4e75cfe7-0764-483a-9637-193c175d9a6b.png','4e75cfe7-94ec-4f33-b976-193c175d9a6b.jpg','4e75cfe7-a224-4e66-b9cb-193c175d9a6b.jpg','4e75cfe7-b3a8-4bca-96c0-193c175d9a6b.gif','4e75cfe7-60f0-4caf-a559-193c175d9a6b.jpg','4e75cfe8-0b4c-4ad5-8596-193c175d9a6b.gif',0),(27,'2011-09-18 19:03:04','2011-09-18 19:03:04',0,'品牌测试','brand test','L2iquwiek','fiqowieajksjfk','B2',2,4,1,'品牌测试','品牌测试','http://www.google.com','品牌测试','021-12345678','品牌测试','虹口龙之梦虹口龙之梦虹口龙之梦虹口龙之梦虹口龙之梦虹口龙之梦虹口龙之梦虹口龙之梦虹口龙之梦虹口龙之梦虹口龙之梦虹口龙之梦虹口龙之梦虹口龙之梦虹口龙之梦虹口龙之梦虹口龙之梦虹口龙之梦虹口龙之梦虹口龙之梦虹口龙之梦虹口龙之梦虹口龙之梦虹口龙之梦虹口龙之梦虹口龙之梦虹口龙之梦虹口龙之梦虹口龙之梦虹口龙之梦虹口龙之梦虹口龙之梦虹口龙之梦虹口龙之梦虹口龙之梦虹口龙之梦虹口龙之梦虹口龙之梦虹口龙之梦虹口龙之梦虹口龙之梦虹口龙之梦虹口龙之梦虹口龙之梦虹口龙之梦虹口龙之梦虹口龙之梦虹口龙之梦虹口龙之梦虹口龙之梦虹口龙之梦虹口龙之梦','4e75cfe7-0764-483a-9637-193c175d9a6b.png','4e75cfe7-94ec-4f33-b976-193c175d9a6b.jpg','4e75cfe7-a224-4e66-b9cb-193c175d9a6b.jpg','4e75cfe7-b3a8-4bca-96c0-193c175d9a6b.gif','4e75cfe7-60f0-4caf-a559-193c175d9a6b.jpg','4e75cfe8-0b4c-4ad5-8596-193c175d9a6b.gif',0),(28,'2011-09-18 19:03:04','2011-09-20 00:58:03',0,'品牌测试','brand test','L2iquwiek','fiqowieajksjfk','B2',2,4,1,'品牌测试','品牌测试','http://www.google.com','品牌测试','021-12345678','品牌测试','虹口龙之梦虹口龙之梦虹口龙之梦虹口龙之梦虹口龙之梦虹口龙之梦虹口龙之梦虹口龙之梦虹口龙之梦虹口龙之梦虹口龙之梦虹口龙之梦虹口龙之梦虹口龙之梦虹口龙之梦虹口龙之梦虹口龙之梦虹口龙之梦虹口龙之梦虹口龙之梦虹口龙之梦虹口龙之梦虹口龙之梦虹口龙之梦虹口龙之梦虹口龙之梦虹口龙之梦虹口龙之梦虹口龙之梦虹口龙之梦虹口龙之梦虹口龙之梦虹口龙之梦虹口龙之梦虹口龙之梦虹口龙之梦虹口龙之梦虹口龙之梦虹口龙之梦虹口龙之梦虹口龙之梦虹口龙之梦虹口龙之梦虹口龙之梦虹口龙之梦虹口龙之梦虹口龙之梦虹口龙之梦虹口龙之梦虹口龙之梦虹口龙之梦虹口龙之梦','4e75cfe7-0764-483a-9637-193c175d9a6b.png','4e75cfe7-94ec-4f33-b976-193c175d9a6b.jpg','4e75cfe7-a224-4e66-b9cb-193c175d9a6b.jpg','4e75cfe7-b3a8-4bca-96c0-193c175d9a6b.gif','4e75cfe7-60f0-4caf-a559-193c175d9a6b.jpg','4e75cfe8-0b4c-4ad5-8596-193c175d9a6b.gif',1),(29,'2011-09-18 19:03:04','2011-09-20 00:58:03',0,'品牌测试','brand test','L2iquwiek','fiqowieajksjfk','B2',2,4,1,'品牌测试','品牌测试','http://www.google.com','品牌测试','021-12345678','品牌测试','虹口龙之梦虹口龙之梦虹口龙之梦虹口龙之梦虹口龙之梦虹口龙之梦虹口龙之梦虹口龙之梦虹口龙之梦虹口龙之梦虹口龙之梦虹口龙之梦虹口龙之梦虹口龙之梦虹口龙之梦虹口龙之梦虹口龙之梦虹口龙之梦虹口龙之梦虹口龙之梦虹口龙之梦虹口龙之梦虹口龙之梦虹口龙之梦虹口龙之梦虹口龙之梦虹口龙之梦虹口龙之梦虹口龙之梦虹口龙之梦虹口龙之梦虹口龙之梦虹口龙之梦虹口龙之梦虹口龙之梦虹口龙之梦虹口龙之梦虹口龙之梦虹口龙之梦虹口龙之梦虹口龙之梦虹口龙之梦虹口龙之梦虹口龙之梦虹口龙之梦虹口龙之梦虹口龙之梦虹口龙之梦虹口龙之梦虹口龙之梦虹口龙之梦虹口龙之梦','4e75cfe7-0764-483a-9637-193c175d9a6b.png','4e75cfe7-94ec-4f33-b976-193c175d9a6b.jpg','4e75cfe7-a224-4e66-b9cb-193c175d9a6b.jpg','4e75cfe7-b3a8-4bca-96c0-193c175d9a6b.gif','4e75cfe7-60f0-4caf-a559-193c175d9a6b.jpg','4e75cfe8-0b4c-4ad5-8596-193c175d9a6b.gif',1),(30,'2011-09-18 19:03:04','2011-09-18 19:03:04',0,'品牌测试','brand test','L2iquwiek','fiqowieajksjfk','B2',3,3,1,'品牌测试','品牌测试','http://www.google.com','品牌测试','021-12345678','品牌测试','虹口龙之梦虹口龙之梦虹口龙之梦虹口龙之梦虹口龙之梦虹口龙之梦虹口龙之梦虹口龙之梦虹口龙之梦虹口龙之梦虹口龙之梦虹口龙之梦虹口龙之梦虹口龙之梦虹口龙之梦虹口龙之梦虹口龙之梦虹口龙之梦虹口龙之梦虹口龙之梦虹口龙之梦虹口龙之梦虹口龙之梦虹口龙之梦虹口龙之梦虹口龙之梦虹口龙之梦虹口龙之梦虹口龙之梦虹口龙之梦虹口龙之梦虹口龙之梦虹口龙之梦虹口龙之梦虹口龙之梦虹口龙之梦虹口龙之梦虹口龙之梦虹口龙之梦虹口龙之梦虹口龙之梦虹口龙之梦虹口龙之梦虹口龙之梦虹口龙之梦虹口龙之梦虹口龙之梦虹口龙之梦虹口龙之梦虹口龙之梦虹口龙之梦虹口龙之梦','4e75cfe7-0764-483a-9637-193c175d9a6b.png','4e75cfe7-94ec-4f33-b976-193c175d9a6b.jpg','4e75cfe7-a224-4e66-b9cb-193c175d9a6b.jpg','4e75cfe7-b3a8-4bca-96c0-193c175d9a6b.gif','4e75cfe7-60f0-4caf-a559-193c175d9a6b.jpg','4e75cfe8-0b4c-4ad5-8596-193c175d9a6b.gif',0),(31,'2011-09-18 19:03:04','2011-09-18 19:03:04',0,'品牌测试','brand test','L2iquwiek','fiqowieajksjfk','B2',3,3,1,'品牌测试','品牌测试','http://www.google.com','品牌测试','021-12345678','品牌测试','虹口龙之梦虹口龙之梦虹口龙之梦虹口龙之梦虹口龙之梦虹口龙之梦虹口龙之梦虹口龙之梦虹口龙之梦虹口龙之梦虹口龙之梦虹口龙之梦虹口龙之梦虹口龙之梦虹口龙之梦虹口龙之梦虹口龙之梦虹口龙之梦虹口龙之梦虹口龙之梦虹口龙之梦虹口龙之梦虹口龙之梦虹口龙之梦虹口龙之梦虹口龙之梦虹口龙之梦虹口龙之梦虹口龙之梦虹口龙之梦虹口龙之梦虹口龙之梦虹口龙之梦虹口龙之梦虹口龙之梦虹口龙之梦虹口龙之梦虹口龙之梦虹口龙之梦虹口龙之梦虹口龙之梦虹口龙之梦虹口龙之梦虹口龙之梦虹口龙之梦虹口龙之梦虹口龙之梦虹口龙之梦虹口龙之梦虹口龙之梦虹口龙之梦虹口龙之梦','4e75cfe7-0764-483a-9637-193c175d9a6b.png','4e75cfe7-94ec-4f33-b976-193c175d9a6b.jpg','4e75cfe7-a224-4e66-b9cb-193c175d9a6b.jpg','4e75cfe7-b3a8-4bca-96c0-193c175d9a6b.gif','4e75cfe7-60f0-4caf-a559-193c175d9a6b.jpg','4e75cfe8-0b4c-4ad5-8596-193c175d9a6b.gif',0),(32,'2011-09-18 19:03:04','2011-09-18 19:03:04',0,'品牌测试','brand test','L2iquwiek','fiqowieajksjfk','B2',3,3,1,'品牌测试','品牌测试','http://www.google.com','品牌测试','021-12345678','品牌测试','虹口龙之梦虹口龙之梦虹口龙之梦虹口龙之梦虹口龙之梦虹口龙之梦虹口龙之梦虹口龙之梦虹口龙之梦虹口龙之梦虹口龙之梦虹口龙之梦虹口龙之梦虹口龙之梦虹口龙之梦虹口龙之梦虹口龙之梦虹口龙之梦虹口龙之梦虹口龙之梦虹口龙之梦虹口龙之梦虹口龙之梦虹口龙之梦虹口龙之梦虹口龙之梦虹口龙之梦虹口龙之梦虹口龙之梦虹口龙之梦虹口龙之梦虹口龙之梦虹口龙之梦虹口龙之梦虹口龙之梦虹口龙之梦虹口龙之梦虹口龙之梦虹口龙之梦虹口龙之梦虹口龙之梦虹口龙之梦虹口龙之梦虹口龙之梦虹口龙之梦虹口龙之梦虹口龙之梦虹口龙之梦虹口龙之梦虹口龙之梦虹口龙之梦虹口龙之梦','4e75cfe7-0764-483a-9637-193c175d9a6b.png','4e75cfe7-94ec-4f33-b976-193c175d9a6b.jpg','4e75cfe7-a224-4e66-b9cb-193c175d9a6b.jpg','4e75cfe7-b3a8-4bca-96c0-193c175d9a6b.gif','4e75cfe7-60f0-4caf-a559-193c175d9a6b.jpg','4e75cfe8-0b4c-4ad5-8596-193c175d9a6b.gif',0),(33,'2011-09-18 19:03:04','2011-09-18 19:03:04',0,'品牌测试','brand test','L2iquwiek','fiqowieajksjfk','B2',3,3,1,'品牌测试','品牌测试','http://www.google.com','品牌测试','021-12345678','品牌测试','虹口龙之梦虹口龙之梦虹口龙之梦虹口龙之梦虹口龙之梦虹口龙之梦虹口龙之梦虹口龙之梦虹口龙之梦虹口龙之梦虹口龙之梦虹口龙之梦虹口龙之梦虹口龙之梦虹口龙之梦虹口龙之梦虹口龙之梦虹口龙之梦虹口龙之梦虹口龙之梦虹口龙之梦虹口龙之梦虹口龙之梦虹口龙之梦虹口龙之梦虹口龙之梦虹口龙之梦虹口龙之梦虹口龙之梦虹口龙之梦虹口龙之梦虹口龙之梦虹口龙之梦虹口龙之梦虹口龙之梦虹口龙之梦虹口龙之梦虹口龙之梦虹口龙之梦虹口龙之梦虹口龙之梦虹口龙之梦虹口龙之梦虹口龙之梦虹口龙之梦虹口龙之梦虹口龙之梦虹口龙之梦虹口龙之梦虹口龙之梦虹口龙之梦虹口龙之梦','4e75cfe7-0764-483a-9637-193c175d9a6b.png','4e75cfe7-94ec-4f33-b976-193c175d9a6b.jpg','4e75cfe7-a224-4e66-b9cb-193c175d9a6b.jpg','4e75cfe7-b3a8-4bca-96c0-193c175d9a6b.gif','4e75cfe7-60f0-4caf-a559-193c175d9a6b.jpg','4e75cfe8-0b4c-4ad5-8596-193c175d9a6b.gif',0),(34,'2011-09-18 19:03:04','2011-09-18 19:03:04',0,'品牌测试','brand test','L2iquwiek','fiqowieajksjfk','B2',3,3,1,'品牌测试','品牌测试','http://www.google.com','品牌测试','021-12345678','品牌测试','虹口龙之梦虹口龙之梦虹口龙之梦虹口龙之梦虹口龙之梦虹口龙之梦虹口龙之梦虹口龙之梦虹口龙之梦虹口龙之梦虹口龙之梦虹口龙之梦虹口龙之梦虹口龙之梦虹口龙之梦虹口龙之梦虹口龙之梦虹口龙之梦虹口龙之梦虹口龙之梦虹口龙之梦虹口龙之梦虹口龙之梦虹口龙之梦虹口龙之梦虹口龙之梦虹口龙之梦虹口龙之梦虹口龙之梦虹口龙之梦虹口龙之梦虹口龙之梦虹口龙之梦虹口龙之梦虹口龙之梦虹口龙之梦虹口龙之梦虹口龙之梦虹口龙之梦虹口龙之梦虹口龙之梦虹口龙之梦虹口龙之梦虹口龙之梦虹口龙之梦虹口龙之梦虹口龙之梦虹口龙之梦虹口龙之梦虹口龙之梦虹口龙之梦虹口龙之梦','4e75cfe7-0764-483a-9637-193c175d9a6b.png','4e75cfe7-94ec-4f33-b976-193c175d9a6b.jpg','4e75cfe7-a224-4e66-b9cb-193c175d9a6b.jpg','4e75cfe7-b3a8-4bca-96c0-193c175d9a6b.gif','4e75cfe7-60f0-4caf-a559-193c175d9a6b.jpg','4e75cfe8-0b4c-4ad5-8596-193c175d9a6b.gif',0),(35,'2011-09-18 19:03:04','2011-09-20 00:58:03',0,'品牌测试','brand test','L2iquwiek','fiqowieajksjfk','B2',3,3,1,'品牌测试','品牌测试','http://www.google.com','品牌测试','021-12345678','品牌测试','虹口龙之梦虹口龙之梦虹口龙之梦虹口龙之梦虹口龙之梦虹口龙之梦虹口龙之梦虹口龙之梦虹口龙之梦虹口龙之梦虹口龙之梦虹口龙之梦虹口龙之梦虹口龙之梦虹口龙之梦虹口龙之梦虹口龙之梦虹口龙之梦虹口龙之梦虹口龙之梦虹口龙之梦虹口龙之梦虹口龙之梦虹口龙之梦虹口龙之梦虹口龙之梦虹口龙之梦虹口龙之梦虹口龙之梦虹口龙之梦虹口龙之梦虹口龙之梦虹口龙之梦虹口龙之梦虹口龙之梦虹口龙之梦虹口龙之梦虹口龙之梦虹口龙之梦虹口龙之梦虹口龙之梦虹口龙之梦虹口龙之梦虹口龙之梦虹口龙之梦虹口龙之梦虹口龙之梦虹口龙之梦虹口龙之梦虹口龙之梦虹口龙之梦虹口龙之梦','4e75cfe7-0764-483a-9637-193c175d9a6b.png','4e75cfe7-94ec-4f33-b976-193c175d9a6b.jpg','4e75cfe7-a224-4e66-b9cb-193c175d9a6b.jpg','4e75cfe7-b3a8-4bca-96c0-193c175d9a6b.gif','4e75cfe7-60f0-4caf-a559-193c175d9a6b.jpg','4e75cfe8-0b4c-4ad5-8596-193c175d9a6b.gif',1),(36,'2011-09-18 19:03:04','2011-09-18 19:03:04',0,'品牌测试','brand test','L2iquwiek','fiqowieajksjfk','B2',3,3,1,'品牌测试','品牌测试','http://www.google.com','品牌测试','021-12345678','品牌测试','虹口龙之梦虹口龙之梦虹口龙之梦虹口龙之梦虹口龙之梦虹口龙之梦虹口龙之梦虹口龙之梦虹口龙之梦虹口龙之梦虹口龙之梦虹口龙之梦虹口龙之梦虹口龙之梦虹口龙之梦虹口龙之梦虹口龙之梦虹口龙之梦虹口龙之梦虹口龙之梦虹口龙之梦虹口龙之梦虹口龙之梦虹口龙之梦虹口龙之梦虹口龙之梦虹口龙之梦虹口龙之梦虹口龙之梦虹口龙之梦虹口龙之梦虹口龙之梦虹口龙之梦虹口龙之梦虹口龙之梦虹口龙之梦虹口龙之梦虹口龙之梦虹口龙之梦虹口龙之梦虹口龙之梦虹口龙之梦虹口龙之梦虹口龙之梦虹口龙之梦虹口龙之梦虹口龙之梦虹口龙之梦虹口龙之梦虹口龙之梦虹口龙之梦虹口龙之梦','4e75cfe7-0764-483a-9637-193c175d9a6b.png','4e75cfe7-94ec-4f33-b976-193c175d9a6b.jpg','4e75cfe7-a224-4e66-b9cb-193c175d9a6b.jpg','4e75cfe7-b3a8-4bca-96c0-193c175d9a6b.gif','4e75cfe7-60f0-4caf-a559-193c175d9a6b.jpg','4e75cfe8-0b4c-4ad5-8596-193c175d9a6b.gif',0),(37,'2011-09-18 19:03:04','2011-09-18 19:03:04',0,'品牌测试','brand test','L2iquwiek','fiqowieajksjfk','B2',3,3,1,'品牌测试','品牌测试','http://www.google.com','品牌测试','021-12345678','品牌测试','虹口龙之梦虹口龙之梦虹口龙之梦虹口龙之梦虹口龙之梦虹口龙之梦虹口龙之梦虹口龙之梦虹口龙之梦虹口龙之梦虹口龙之梦虹口龙之梦虹口龙之梦虹口龙之梦虹口龙之梦虹口龙之梦虹口龙之梦虹口龙之梦虹口龙之梦虹口龙之梦虹口龙之梦虹口龙之梦虹口龙之梦虹口龙之梦虹口龙之梦虹口龙之梦虹口龙之梦虹口龙之梦虹口龙之梦虹口龙之梦虹口龙之梦虹口龙之梦虹口龙之梦虹口龙之梦虹口龙之梦虹口龙之梦虹口龙之梦虹口龙之梦虹口龙之梦虹口龙之梦虹口龙之梦虹口龙之梦虹口龙之梦虹口龙之梦虹口龙之梦虹口龙之梦虹口龙之梦虹口龙之梦虹口龙之梦虹口龙之梦虹口龙之梦虹口龙之梦','4e75cfe7-0764-483a-9637-193c175d9a6b.png','4e75cfe7-94ec-4f33-b976-193c175d9a6b.jpg','4e75cfe7-a224-4e66-b9cb-193c175d9a6b.jpg','4e75cfe7-b3a8-4bca-96c0-193c175d9a6b.gif','4e75cfe7-60f0-4caf-a559-193c175d9a6b.jpg','4e75cfe8-0b4c-4ad5-8596-193c175d9a6b.gif',0),(38,'2011-09-18 19:03:04','2011-09-18 19:03:04',0,'品牌测试','brand test','L2iquwiek','fiqowieajksjfk','B2',3,3,1,'品牌测试','品牌测试','http://www.google.com','品牌测试','021-12345678','品牌测试','虹口龙之梦虹口龙之梦虹口龙之梦虹口龙之梦虹口龙之梦虹口龙之梦虹口龙之梦虹口龙之梦虹口龙之梦虹口龙之梦虹口龙之梦虹口龙之梦虹口龙之梦虹口龙之梦虹口龙之梦虹口龙之梦虹口龙之梦虹口龙之梦虹口龙之梦虹口龙之梦虹口龙之梦虹口龙之梦虹口龙之梦虹口龙之梦虹口龙之梦虹口龙之梦虹口龙之梦虹口龙之梦虹口龙之梦虹口龙之梦虹口龙之梦虹口龙之梦虹口龙之梦虹口龙之梦虹口龙之梦虹口龙之梦虹口龙之梦虹口龙之梦虹口龙之梦虹口龙之梦虹口龙之梦虹口龙之梦虹口龙之梦虹口龙之梦虹口龙之梦虹口龙之梦虹口龙之梦虹口龙之梦虹口龙之梦虹口龙之梦虹口龙之梦虹口龙之梦','4e75cfe7-0764-483a-9637-193c175d9a6b.png','4e75cfe7-94ec-4f33-b976-193c175d9a6b.jpg','4e75cfe7-a224-4e66-b9cb-193c175d9a6b.jpg','4e75cfe7-b3a8-4bca-96c0-193c175d9a6b.gif','4e75cfe7-60f0-4caf-a559-193c175d9a6b.jpg','4e75cfe8-0b4c-4ad5-8596-193c175d9a6b.gif',0),(39,'2011-09-18 19:03:04','2011-09-18 19:03:04',0,'品牌测试','brand test','L2iquwiek','fiqowieajksjfk','B2',3,3,1,'品牌测试','品牌测试','http://www.google.com','品牌测试','021-12345678','品牌测试','虹口龙之梦虹口龙之梦虹口龙之梦虹口龙之梦虹口龙之梦虹口龙之梦虹口龙之梦虹口龙之梦虹口龙之梦虹口龙之梦虹口龙之梦虹口龙之梦虹口龙之梦虹口龙之梦虹口龙之梦虹口龙之梦虹口龙之梦虹口龙之梦虹口龙之梦虹口龙之梦虹口龙之梦虹口龙之梦虹口龙之梦虹口龙之梦虹口龙之梦虹口龙之梦虹口龙之梦虹口龙之梦虹口龙之梦虹口龙之梦虹口龙之梦虹口龙之梦虹口龙之梦虹口龙之梦虹口龙之梦虹口龙之梦虹口龙之梦虹口龙之梦虹口龙之梦虹口龙之梦虹口龙之梦虹口龙之梦虹口龙之梦虹口龙之梦虹口龙之梦虹口龙之梦虹口龙之梦虹口龙之梦虹口龙之梦虹口龙之梦虹口龙之梦虹口龙之梦','4e75cfe7-0764-483a-9637-193c175d9a6b.png','4e75cfe7-94ec-4f33-b976-193c175d9a6b.jpg','4e75cfe7-a224-4e66-b9cb-193c175d9a6b.jpg','4e75cfe7-b3a8-4bca-96c0-193c175d9a6b.gif','4e75cfe7-60f0-4caf-a559-193c175d9a6b.jpg','4e75cfe8-0b4c-4ad5-8596-193c175d9a6b.gif',0),(40,'2011-09-18 19:03:04','2011-09-18 19:03:04',0,'品牌测试','brand test','L2iquwiek','fiqowieajksjfk','B2',4,2,1,'品牌测试','品牌测试','http://www.google.com','品牌测试','021-12345678','品牌测试','虹口龙之梦虹口龙之梦虹口龙之梦虹口龙之梦虹口龙之梦虹口龙之梦虹口龙之梦虹口龙之梦虹口龙之梦虹口龙之梦虹口龙之梦虹口龙之梦虹口龙之梦虹口龙之梦虹口龙之梦虹口龙之梦虹口龙之梦虹口龙之梦虹口龙之梦虹口龙之梦虹口龙之梦虹口龙之梦虹口龙之梦虹口龙之梦虹口龙之梦虹口龙之梦虹口龙之梦虹口龙之梦虹口龙之梦虹口龙之梦虹口龙之梦虹口龙之梦虹口龙之梦虹口龙之梦虹口龙之梦虹口龙之梦虹口龙之梦虹口龙之梦虹口龙之梦虹口龙之梦虹口龙之梦虹口龙之梦虹口龙之梦虹口龙之梦虹口龙之梦虹口龙之梦虹口龙之梦虹口龙之梦虹口龙之梦虹口龙之梦虹口龙之梦虹口龙之梦','4e75cfe7-0764-483a-9637-193c175d9a6b.png','4e75cfe7-94ec-4f33-b976-193c175d9a6b.jpg','4e75cfe7-a224-4e66-b9cb-193c175d9a6b.jpg','4e75cfe7-b3a8-4bca-96c0-193c175d9a6b.gif','4e75cfe7-60f0-4caf-a559-193c175d9a6b.jpg','4e75cfe8-0b4c-4ad5-8596-193c175d9a6b.gif',0),(41,'2011-09-18 19:03:04','2011-09-18 19:03:04',0,'品牌测试','brand test','L2iquwiek','fiqowieajksjfk','B2',4,2,1,'品牌测试','品牌测试','http://www.google.com','品牌测试','021-12345678','品牌测试','虹口龙之梦虹口龙之梦虹口龙之梦虹口龙之梦虹口龙之梦虹口龙之梦虹口龙之梦虹口龙之梦虹口龙之梦虹口龙之梦虹口龙之梦虹口龙之梦虹口龙之梦虹口龙之梦虹口龙之梦虹口龙之梦虹口龙之梦虹口龙之梦虹口龙之梦虹口龙之梦虹口龙之梦虹口龙之梦虹口龙之梦虹口龙之梦虹口龙之梦虹口龙之梦虹口龙之梦虹口龙之梦虹口龙之梦虹口龙之梦虹口龙之梦虹口龙之梦虹口龙之梦虹口龙之梦虹口龙之梦虹口龙之梦虹口龙之梦虹口龙之梦虹口龙之梦虹口龙之梦虹口龙之梦虹口龙之梦虹口龙之梦虹口龙之梦虹口龙之梦虹口龙之梦虹口龙之梦虹口龙之梦虹口龙之梦虹口龙之梦虹口龙之梦虹口龙之梦','4e75cfe7-0764-483a-9637-193c175d9a6b.png','4e75cfe7-94ec-4f33-b976-193c175d9a6b.jpg','4e75cfe7-a224-4e66-b9cb-193c175d9a6b.jpg','4e75cfe7-b3a8-4bca-96c0-193c175d9a6b.gif','4e75cfe7-60f0-4caf-a559-193c175d9a6b.jpg','4e75cfe8-0b4c-4ad5-8596-193c175d9a6b.gif',0),(42,'2011-09-18 19:03:04','2011-09-18 19:03:04',0,'品牌测试','brand test','L2iquwiek','fiqowieajksjfk','B2',4,2,1,'品牌测试','品牌测试','http://www.google.com','品牌测试','021-12345678','品牌测试','虹口龙之梦虹口龙之梦虹口龙之梦虹口龙之梦虹口龙之梦虹口龙之梦虹口龙之梦虹口龙之梦虹口龙之梦虹口龙之梦虹口龙之梦虹口龙之梦虹口龙之梦虹口龙之梦虹口龙之梦虹口龙之梦虹口龙之梦虹口龙之梦虹口龙之梦虹口龙之梦虹口龙之梦虹口龙之梦虹口龙之梦虹口龙之梦虹口龙之梦虹口龙之梦虹口龙之梦虹口龙之梦虹口龙之梦虹口龙之梦虹口龙之梦虹口龙之梦虹口龙之梦虹口龙之梦虹口龙之梦虹口龙之梦虹口龙之梦虹口龙之梦虹口龙之梦虹口龙之梦虹口龙之梦虹口龙之梦虹口龙之梦虹口龙之梦虹口龙之梦虹口龙之梦虹口龙之梦虹口龙之梦虹口龙之梦虹口龙之梦虹口龙之梦虹口龙之梦','4e75cfe7-0764-483a-9637-193c175d9a6b.png','4e75cfe7-94ec-4f33-b976-193c175d9a6b.jpg','4e75cfe7-a224-4e66-b9cb-193c175d9a6b.jpg','4e75cfe7-b3a8-4bca-96c0-193c175d9a6b.gif','4e75cfe7-60f0-4caf-a559-193c175d9a6b.jpg','4e75cfe8-0b4c-4ad5-8596-193c175d9a6b.gif',0),(43,'2011-09-18 19:03:04','2011-09-18 19:03:04',0,'品牌测试','brand test','L2iquwiek','fiqowieajksjfk','B2',4,2,1,'品牌测试','品牌测试','http://www.google.com','品牌测试','021-12345678','品牌测试','虹口龙之梦虹口龙之梦虹口龙之梦虹口龙之梦虹口龙之梦虹口龙之梦虹口龙之梦虹口龙之梦虹口龙之梦虹口龙之梦虹口龙之梦虹口龙之梦虹口龙之梦虹口龙之梦虹口龙之梦虹口龙之梦虹口龙之梦虹口龙之梦虹口龙之梦虹口龙之梦虹口龙之梦虹口龙之梦虹口龙之梦虹口龙之梦虹口龙之梦虹口龙之梦虹口龙之梦虹口龙之梦虹口龙之梦虹口龙之梦虹口龙之梦虹口龙之梦虹口龙之梦虹口龙之梦虹口龙之梦虹口龙之梦虹口龙之梦虹口龙之梦虹口龙之梦虹口龙之梦虹口龙之梦虹口龙之梦虹口龙之梦虹口龙之梦虹口龙之梦虹口龙之梦虹口龙之梦虹口龙之梦虹口龙之梦虹口龙之梦虹口龙之梦虹口龙之梦','4e75cfe7-0764-483a-9637-193c175d9a6b.png','4e75cfe7-94ec-4f33-b976-193c175d9a6b.jpg','4e75cfe7-a224-4e66-b9cb-193c175d9a6b.jpg','4e75cfe7-b3a8-4bca-96c0-193c175d9a6b.gif','4e75cfe7-60f0-4caf-a559-193c175d9a6b.jpg','4e75cfe8-0b4c-4ad5-8596-193c175d9a6b.gif',0),(44,'2011-09-18 19:03:04','2011-09-18 19:03:04',0,'品牌测试','brand test','L2iquwiek','fiqowieajksjfk','B2',4,2,1,'品牌测试','品牌测试','http://www.google.com','品牌测试','021-12345678','品牌测试','虹口龙之梦虹口龙之梦虹口龙之梦虹口龙之梦虹口龙之梦虹口龙之梦虹口龙之梦虹口龙之梦虹口龙之梦虹口龙之梦虹口龙之梦虹口龙之梦虹口龙之梦虹口龙之梦虹口龙之梦虹口龙之梦虹口龙之梦虹口龙之梦虹口龙之梦虹口龙之梦虹口龙之梦虹口龙之梦虹口龙之梦虹口龙之梦虹口龙之梦虹口龙之梦虹口龙之梦虹口龙之梦虹口龙之梦虹口龙之梦虹口龙之梦虹口龙之梦虹口龙之梦虹口龙之梦虹口龙之梦虹口龙之梦虹口龙之梦虹口龙之梦虹口龙之梦虹口龙之梦虹口龙之梦虹口龙之梦虹口龙之梦虹口龙之梦虹口龙之梦虹口龙之梦虹口龙之梦虹口龙之梦虹口龙之梦虹口龙之梦虹口龙之梦虹口龙之梦','4e75cfe7-0764-483a-9637-193c175d9a6b.png','4e75cfe7-94ec-4f33-b976-193c175d9a6b.jpg','4e75cfe7-a224-4e66-b9cb-193c175d9a6b.jpg','4e75cfe7-b3a8-4bca-96c0-193c175d9a6b.gif','4e75cfe7-60f0-4caf-a559-193c175d9a6b.jpg','4e75cfe8-0b4c-4ad5-8596-193c175d9a6b.gif',0),(45,'2011-09-18 19:03:04','2011-09-18 19:03:04',0,'品牌测试','brand test','L2iquwiek','fiqowieajksjfk','B2',4,2,1,'品牌测试','品牌测试','http://www.google.com','品牌测试','021-12345678','品牌测试','虹口龙之梦虹口龙之梦虹口龙之梦虹口龙之梦虹口龙之梦虹口龙之梦虹口龙之梦虹口龙之梦虹口龙之梦虹口龙之梦虹口龙之梦虹口龙之梦虹口龙之梦虹口龙之梦虹口龙之梦虹口龙之梦虹口龙之梦虹口龙之梦虹口龙之梦虹口龙之梦虹口龙之梦虹口龙之梦虹口龙之梦虹口龙之梦虹口龙之梦虹口龙之梦虹口龙之梦虹口龙之梦虹口龙之梦虹口龙之梦虹口龙之梦虹口龙之梦虹口龙之梦虹口龙之梦虹口龙之梦虹口龙之梦虹口龙之梦虹口龙之梦虹口龙之梦虹口龙之梦虹口龙之梦虹口龙之梦虹口龙之梦虹口龙之梦虹口龙之梦虹口龙之梦虹口龙之梦虹口龙之梦虹口龙之梦虹口龙之梦虹口龙之梦虹口龙之梦','4e75cfe7-0764-483a-9637-193c175d9a6b.png','4e75cfe7-94ec-4f33-b976-193c175d9a6b.jpg','4e75cfe7-a224-4e66-b9cb-193c175d9a6b.jpg','4e75cfe7-b3a8-4bca-96c0-193c175d9a6b.gif','4e75cfe7-60f0-4caf-a559-193c175d9a6b.jpg','4e75cfe8-0b4c-4ad5-8596-193c175d9a6b.gif',0),(46,'2011-09-18 19:03:04','2011-09-18 19:03:04',0,'品牌测试','brand test','L2iquwiek','fiqowieajksjfk','B2',4,2,1,'品牌测试','品牌测试','http://www.google.com','品牌测试','021-12345678','品牌测试','虹口龙之梦虹口龙之梦虹口龙之梦虹口龙之梦虹口龙之梦虹口龙之梦虹口龙之梦虹口龙之梦虹口龙之梦虹口龙之梦虹口龙之梦虹口龙之梦虹口龙之梦虹口龙之梦虹口龙之梦虹口龙之梦虹口龙之梦虹口龙之梦虹口龙之梦虹口龙之梦虹口龙之梦虹口龙之梦虹口龙之梦虹口龙之梦虹口龙之梦虹口龙之梦虹口龙之梦虹口龙之梦虹口龙之梦虹口龙之梦虹口龙之梦虹口龙之梦虹口龙之梦虹口龙之梦虹口龙之梦虹口龙之梦虹口龙之梦虹口龙之梦虹口龙之梦虹口龙之梦虹口龙之梦虹口龙之梦虹口龙之梦虹口龙之梦虹口龙之梦虹口龙之梦虹口龙之梦虹口龙之梦虹口龙之梦虹口龙之梦虹口龙之梦虹口龙之梦','4e75cfe7-0764-483a-9637-193c175d9a6b.png','4e75cfe7-94ec-4f33-b976-193c175d9a6b.jpg','4e75cfe7-a224-4e66-b9cb-193c175d9a6b.jpg','4e75cfe7-b3a8-4bca-96c0-193c175d9a6b.gif','4e75cfe7-60f0-4caf-a559-193c175d9a6b.jpg','4e75cfe8-0b4c-4ad5-8596-193c175d9a6b.gif',0),(47,'2011-09-18 19:03:04','2011-09-18 19:03:04',0,'品牌测试','brand test','L2iquwiek','fiqowieajksjfk','B2',4,2,1,'品牌测试','品牌测试','http://www.google.com','品牌测试','021-12345678','品牌测试','虹口龙之梦虹口龙之梦虹口龙之梦虹口龙之梦虹口龙之梦虹口龙之梦虹口龙之梦虹口龙之梦虹口龙之梦虹口龙之梦虹口龙之梦虹口龙之梦虹口龙之梦虹口龙之梦虹口龙之梦虹口龙之梦虹口龙之梦虹口龙之梦虹口龙之梦虹口龙之梦虹口龙之梦虹口龙之梦虹口龙之梦虹口龙之梦虹口龙之梦虹口龙之梦虹口龙之梦虹口龙之梦虹口龙之梦虹口龙之梦虹口龙之梦虹口龙之梦虹口龙之梦虹口龙之梦虹口龙之梦虹口龙之梦虹口龙之梦虹口龙之梦虹口龙之梦虹口龙之梦虹口龙之梦虹口龙之梦虹口龙之梦虹口龙之梦虹口龙之梦虹口龙之梦虹口龙之梦虹口龙之梦虹口龙之梦虹口龙之梦虹口龙之梦虹口龙之梦','4e75cfe7-0764-483a-9637-193c175d9a6b.png','4e75cfe7-94ec-4f33-b976-193c175d9a6b.jpg','4e75cfe7-a224-4e66-b9cb-193c175d9a6b.jpg','4e75cfe7-b3a8-4bca-96c0-193c175d9a6b.gif','4e75cfe7-60f0-4caf-a559-193c175d9a6b.jpg','4e75cfe8-0b4c-4ad5-8596-193c175d9a6b.gif',0),(48,'2011-09-18 19:03:04','2011-09-18 19:03:04',0,'品牌测试','brand test','L2iquwiek','fiqowieajksjfk','B2',4,2,1,'品牌测试','品牌测试','http://www.google.com','品牌测试','021-12345678','品牌测试','虹口龙之梦虹口龙之梦虹口龙之梦虹口龙之梦虹口龙之梦虹口龙之梦虹口龙之梦虹口龙之梦虹口龙之梦虹口龙之梦虹口龙之梦虹口龙之梦虹口龙之梦虹口龙之梦虹口龙之梦虹口龙之梦虹口龙之梦虹口龙之梦虹口龙之梦虹口龙之梦虹口龙之梦虹口龙之梦虹口龙之梦虹口龙之梦虹口龙之梦虹口龙之梦虹口龙之梦虹口龙之梦虹口龙之梦虹口龙之梦虹口龙之梦虹口龙之梦虹口龙之梦虹口龙之梦虹口龙之梦虹口龙之梦虹口龙之梦虹口龙之梦虹口龙之梦虹口龙之梦虹口龙之梦虹口龙之梦虹口龙之梦虹口龙之梦虹口龙之梦虹口龙之梦虹口龙之梦虹口龙之梦虹口龙之梦虹口龙之梦虹口龙之梦虹口龙之梦','4e75cfe7-0764-483a-9637-193c175d9a6b.png','4e75cfe7-94ec-4f33-b976-193c175d9a6b.jpg','4e75cfe7-a224-4e66-b9cb-193c175d9a6b.jpg','4e75cfe7-b3a8-4bca-96c0-193c175d9a6b.gif','4e75cfe7-60f0-4caf-a559-193c175d9a6b.jpg','4e75cfe8-0b4c-4ad5-8596-193c175d9a6b.gif',0),(49,'2011-09-18 19:03:04','2011-09-18 19:03:04',0,'品牌测试','brand test','L2iquwiek','fiqowieajksjfk','B2',4,2,1,'品牌测试','品牌测试','http://www.google.com','品牌测试','021-12345678','品牌测试','虹口龙之梦虹口龙之梦虹口龙之梦虹口龙之梦虹口龙之梦虹口龙之梦虹口龙之梦虹口龙之梦虹口龙之梦虹口龙之梦虹口龙之梦虹口龙之梦虹口龙之梦虹口龙之梦虹口龙之梦虹口龙之梦虹口龙之梦虹口龙之梦虹口龙之梦虹口龙之梦虹口龙之梦虹口龙之梦虹口龙之梦虹口龙之梦虹口龙之梦虹口龙之梦虹口龙之梦虹口龙之梦虹口龙之梦虹口龙之梦虹口龙之梦虹口龙之梦虹口龙之梦虹口龙之梦虹口龙之梦虹口龙之梦虹口龙之梦虹口龙之梦虹口龙之梦虹口龙之梦虹口龙之梦虹口龙之梦虹口龙之梦虹口龙之梦虹口龙之梦虹口龙之梦虹口龙之梦虹口龙之梦虹口龙之梦虹口龙之梦虹口龙之梦虹口龙之梦','4e75cfe7-0764-483a-9637-193c175d9a6b.png','4e75cfe7-94ec-4f33-b976-193c175d9a6b.jpg','4e75cfe7-a224-4e66-b9cb-193c175d9a6b.jpg','4e75cfe7-b3a8-4bca-96c0-193c175d9a6b.gif','4e75cfe7-60f0-4caf-a559-193c175d9a6b.jpg','4e75cfe8-0b4c-4ad5-8596-193c175d9a6b.gif',0),(50,'2011-09-18 19:03:04','2011-09-18 19:03:04',0,'品牌测试','brand test','L2iquwiek','fiqowieajksjfk','B2',5,1,1,'品牌测试','品牌测试','http://www.google.com','品牌测试','021-12345678','品牌测试','虹口龙之梦虹口龙之梦虹口龙之梦虹口龙之梦虹口龙之梦虹口龙之梦虹口龙之梦虹口龙之梦虹口龙之梦虹口龙之梦虹口龙之梦虹口龙之梦虹口龙之梦虹口龙之梦虹口龙之梦虹口龙之梦虹口龙之梦虹口龙之梦虹口龙之梦虹口龙之梦虹口龙之梦虹口龙之梦虹口龙之梦虹口龙之梦虹口龙之梦虹口龙之梦虹口龙之梦虹口龙之梦虹口龙之梦虹口龙之梦虹口龙之梦虹口龙之梦虹口龙之梦虹口龙之梦虹口龙之梦虹口龙之梦虹口龙之梦虹口龙之梦虹口龙之梦虹口龙之梦虹口龙之梦虹口龙之梦虹口龙之梦虹口龙之梦虹口龙之梦虹口龙之梦虹口龙之梦虹口龙之梦虹口龙之梦虹口龙之梦虹口龙之梦虹口龙之梦','4e75cfe7-0764-483a-9637-193c175d9a6b.png','4e75cfe7-94ec-4f33-b976-193c175d9a6b.jpg','4e75cfe7-a224-4e66-b9cb-193c175d9a6b.jpg','4e75cfe7-b3a8-4bca-96c0-193c175d9a6b.gif','4e75cfe7-60f0-4caf-a559-193c175d9a6b.jpg','4e75cfe8-0b4c-4ad5-8596-193c175d9a6b.gif',0),(51,'2011-09-18 19:03:04','2011-09-18 19:03:04',0,'品牌测试','brand test','L2iquwiek','fiqowieajksjfk','B2',5,1,1,'品牌测试','品牌测试','http://www.google.com','品牌测试','021-12345678','品牌测试','虹口龙之梦虹口龙之梦虹口龙之梦虹口龙之梦虹口龙之梦虹口龙之梦虹口龙之梦虹口龙之梦虹口龙之梦虹口龙之梦虹口龙之梦虹口龙之梦虹口龙之梦虹口龙之梦虹口龙之梦虹口龙之梦虹口龙之梦虹口龙之梦虹口龙之梦虹口龙之梦虹口龙之梦虹口龙之梦虹口龙之梦虹口龙之梦虹口龙之梦虹口龙之梦虹口龙之梦虹口龙之梦虹口龙之梦虹口龙之梦虹口龙之梦虹口龙之梦虹口龙之梦虹口龙之梦虹口龙之梦虹口龙之梦虹口龙之梦虹口龙之梦虹口龙之梦虹口龙之梦虹口龙之梦虹口龙之梦虹口龙之梦虹口龙之梦虹口龙之梦虹口龙之梦虹口龙之梦虹口龙之梦虹口龙之梦虹口龙之梦虹口龙之梦虹口龙之梦','4e75cfe7-0764-483a-9637-193c175d9a6b.png','4e75cfe7-94ec-4f33-b976-193c175d9a6b.jpg','4e75cfe7-a224-4e66-b9cb-193c175d9a6b.jpg','4e75cfe7-b3a8-4bca-96c0-193c175d9a6b.gif','4e75cfe7-60f0-4caf-a559-193c175d9a6b.jpg','4e75cfe8-0b4c-4ad5-8596-193c175d9a6b.gif',0),(52,'2011-09-18 19:03:04','2011-09-18 19:03:04',0,'品牌测试','brand test','L2iquwiek','fiqowieajksjfk','B2',5,1,1,'品牌测试','品牌测试','http://www.google.com','品牌测试','021-12345678','品牌测试','虹口龙之梦虹口龙之梦虹口龙之梦虹口龙之梦虹口龙之梦虹口龙之梦虹口龙之梦虹口龙之梦虹口龙之梦虹口龙之梦虹口龙之梦虹口龙之梦虹口龙之梦虹口龙之梦虹口龙之梦虹口龙之梦虹口龙之梦虹口龙之梦虹口龙之梦虹口龙之梦虹口龙之梦虹口龙之梦虹口龙之梦虹口龙之梦虹口龙之梦虹口龙之梦虹口龙之梦虹口龙之梦虹口龙之梦虹口龙之梦虹口龙之梦虹口龙之梦虹口龙之梦虹口龙之梦虹口龙之梦虹口龙之梦虹口龙之梦虹口龙之梦虹口龙之梦虹口龙之梦虹口龙之梦虹口龙之梦虹口龙之梦虹口龙之梦虹口龙之梦虹口龙之梦虹口龙之梦虹口龙之梦虹口龙之梦虹口龙之梦虹口龙之梦虹口龙之梦','4e75cfe7-0764-483a-9637-193c175d9a6b.png','4e75cfe7-94ec-4f33-b976-193c175d9a6b.jpg','4e75cfe7-a224-4e66-b9cb-193c175d9a6b.jpg','4e75cfe7-b3a8-4bca-96c0-193c175d9a6b.gif','4e75cfe7-60f0-4caf-a559-193c175d9a6b.jpg','4e75cfe8-0b4c-4ad5-8596-193c175d9a6b.gif',0),(53,'2011-09-18 19:03:04','2011-09-18 19:03:04',0,'品牌测试','brand test','L2iquwiek','fiqowieajksjfk','B2',5,1,1,'品牌测试','品牌测试','http://www.google.com','品牌测试','021-12345678','品牌测试','虹口龙之梦虹口龙之梦虹口龙之梦虹口龙之梦虹口龙之梦虹口龙之梦虹口龙之梦虹口龙之梦虹口龙之梦虹口龙之梦虹口龙之梦虹口龙之梦虹口龙之梦虹口龙之梦虹口龙之梦虹口龙之梦虹口龙之梦虹口龙之梦虹口龙之梦虹口龙之梦虹口龙之梦虹口龙之梦虹口龙之梦虹口龙之梦虹口龙之梦虹口龙之梦虹口龙之梦虹口龙之梦虹口龙之梦虹口龙之梦虹口龙之梦虹口龙之梦虹口龙之梦虹口龙之梦虹口龙之梦虹口龙之梦虹口龙之梦虹口龙之梦虹口龙之梦虹口龙之梦虹口龙之梦虹口龙之梦虹口龙之梦虹口龙之梦虹口龙之梦虹口龙之梦虹口龙之梦虹口龙之梦虹口龙之梦虹口龙之梦虹口龙之梦虹口龙之梦','4e75cfe7-0764-483a-9637-193c175d9a6b.png','4e75cfe7-94ec-4f33-b976-193c175d9a6b.jpg','4e75cfe7-a224-4e66-b9cb-193c175d9a6b.jpg','4e75cfe7-b3a8-4bca-96c0-193c175d9a6b.gif','4e75cfe7-60f0-4caf-a559-193c175d9a6b.jpg','4e75cfe8-0b4c-4ad5-8596-193c175d9a6b.gif',0),(54,'2011-09-18 19:03:04','2011-09-20 00:14:15',0,'品牌测试','brand test','L2iquwiek','fiqowieajksjfk','B2',5,1,1,'品牌测试','品牌测试','http://www.google.com','品牌测试','021-12345678','品牌测试','虹口龙之梦虹口龙之梦虹口龙之梦虹口龙之梦虹口龙之梦虹口龙之梦虹口龙之梦虹口龙之梦虹口龙之梦虹口龙之梦虹口龙之梦虹口龙之梦虹口龙之梦虹口龙之梦虹口龙之梦虹口龙之梦虹口龙之梦虹口龙之梦虹口龙之梦虹口龙之梦虹口龙之梦虹口龙之梦虹口龙之梦虹口龙之梦虹口龙之梦虹口龙之梦虹口龙之梦虹口龙之梦虹口龙之梦虹口龙之梦虹口龙之梦虹口龙之梦虹口龙之梦虹口龙之梦虹口龙之梦虹口龙之梦虹口龙之梦虹口龙之梦虹口龙之梦虹口龙之梦虹口龙之梦虹口龙之梦虹口龙之梦虹口龙之梦虹口龙之梦虹口龙之梦虹口龙之梦虹口龙之梦虹口龙之梦虹口龙之梦虹口龙之梦虹口龙之梦','4e75cfe7-0764-483a-9637-193c175d9a6b.png','4e75cfe7-94ec-4f33-b976-193c175d9a6b.jpg','4e75cfe7-a224-4e66-b9cb-193c175d9a6b.jpg','4e75cfe7-b3a8-4bca-96c0-193c175d9a6b.gif','4e75cfe7-60f0-4caf-a559-193c175d9a6b.jpg','4e75cfe8-0b4c-4ad5-8596-193c175d9a6b.gif',0);

UNLOCK TABLES;

/*Table structure for table `events` */

DROP TABLE IF EXISTS `events`;

CREATE TABLE `events` (
  `id` int(11) unsigned NOT NULL AUTO_INCREMENT,
  `created` datetime DEFAULT '0000-00-00 00:00:00',
  `modified` datetime DEFAULT '0000-00-00 00:00:00',
  `deleted` tinyint(1) DEFAULT '0',
  `cat` int(11) DEFAULT NULL,
  `title` varchar(255) DEFAULT NULL,
  `title_sub` varchar(255) DEFAULT NULL,
  `intro` varchar(255) DEFAULT NULL,
  `start_date` date DEFAULT NULL,
  `end_date` date DEFAULT NULL,
  `caption1` varchar(255) DEFAULT NULL,
  `link1` varchar(255) DEFAULT NULL,
  `caption2` varchar(255) DEFAULT NULL,
  `link2` varchar(255) DEFAULT NULL,
  `caption3` varchar(255) DEFAULT NULL,
  `link3` varchar(255) DEFAULT NULL,
  `caption4` varchar(255) DEFAULT NULL,
  `link4` varchar(255) DEFAULT NULL,
  `caption5` varchar(255) DEFAULT NULL,
  `link5` varchar(255) DEFAULT NULL,
  `keyword` varchar(255) DEFAULT NULL,
  `image` varchar(255) DEFAULT NULL,
  `brief` text,
  PRIMARY KEY (`id`)
) ENGINE=InnoDB AUTO_INCREMENT=47 DEFAULT CHARSET=utf8;

/*Data for the table `events` */

LOCK TABLES `events` WRITE;

insert  into `events`(`id`,`created`,`modified`,`deleted`,`cat`,`title`,`title_sub`,`intro`,`start_date`,`end_date`,`caption1`,`link1`,`caption2`,`link2`,`caption3`,`link3`,`caption4`,`link4`,`caption5`,`link5`,`keyword`,`image`,`brief`) values (1,'2011-09-18 23:40:44','2011-09-18 23:40:44',0,2,'测试测试测试','测试测试测试','测试测试测试','2011-09-01','2011-10-31','测试测试测试','http://www.google.com','测试测试测试','http://www.google.com','测试测试测试','http://www.google.com','测试测试测试','http://www.google.com','测试测试','http://www.google.com','测试测试','4e7610fc-e878-4734-8768-193c175d9a6b.jpg',NULL),(2,'2011-09-18 23:40:44','2011-09-18 23:40:44',0,1,'测试测试测试','测试测试测试','测试测试测试','2011-09-01','2011-10-31','测试测试测试','http://www.google.com','测试测试测试','http://www.google.com','测试测试测试','http://www.google.com','测试测试测试','http://www.google.com','测试测试','http://www.google.com','测试测试','4e761378-258c-4171-bbf3-193c175d9a6b.jpg',NULL),(3,'2011-09-18 23:40:44','2011-09-18 23:40:44',0,2,'测试测试测试','测试测试测试','测试测试测试','2011-09-01','2011-10-31','测试测试测试','http://www.google.com','测试测试测试','http://www.google.com','测试测试测试','http://www.google.com','测试测试测试','http://www.google.com','测试测试','http://www.google.com','测试测试','4e7610fc-e878-4734-8768-193c175d9a6b.jpg',NULL),(4,'2011-09-18 23:40:44','2011-09-18 23:40:44',0,1,'测试测试测试','测试测试测试','测试测试测试','2011-09-01','2011-10-31','测试测试测试','http://www.google.com','测试测试测试','http://www.google.com','测试测试测试','http://www.google.com','测试测试测试','http://www.google.com','测试测试','http://www.google.com','测试测试','4e761378-258c-4171-bbf3-193c175d9a6b.jpg',NULL),(5,'2011-09-18 23:40:44','2011-09-18 23:40:44',0,2,'测试测试测试','测试测试测试','测试测试测试','2011-09-01','2011-10-31','测试测试测试','http://www.google.com','测试测试测试','http://www.google.com','测试测试测试','http://www.google.com','测试测试测试','http://www.google.com','测试测试','http://www.google.com','测试测试','4e7610fc-e878-4734-8768-193c175d9a6b.jpg',NULL),(6,'2011-09-18 23:40:44','2011-09-18 23:40:44',0,1,'测试测试测试','测试测试测试','测试测试测试','2011-09-01','2011-10-31','测试测试测试','http://www.google.com','测试测试测试','http://www.google.com','测试测试测试','http://www.google.com','测试测试测试','http://www.google.com','测试测试','http://www.google.com','测试测试','4e761378-258c-4171-bbf3-193c175d9a6b.jpg',NULL),(7,'2011-09-18 23:40:44','2011-09-18 23:40:44',0,2,'测试测试测试','测试测试测试','测试测试测试','2011-09-01','2011-10-31','测试测试测试','http://www.google.com','测试测试测试','http://www.google.com','测试测试测试','http://www.google.com','测试测试测试','http://www.google.com','测试测试','http://www.google.com','测试测试','4e7610fc-e878-4734-8768-193c175d9a6b.jpg',NULL),(8,'2011-09-18 23:40:44','2011-09-18 23:40:44',0,1,'测试测试测试','测试测试测试','测试测试测试','2011-09-01','2011-10-31','测试测试测试','http://www.google.com','测试测试测试','http://www.google.com','测试测试测试','http://www.google.com','测试测试测试','http://www.google.com','测试测试','http://www.google.com','测试测试','4e761378-258c-4171-bbf3-193c175d9a6b.jpg',NULL),(9,'2011-09-18 23:40:44','2011-09-18 23:40:44',0,2,'测试测试测试','测试测试测试','测试测试测试','2011-09-01','2011-10-31','测试测试测试','http://www.google.com','测试测试测试','http://www.google.com','测试测试测试','http://www.google.com','测试测试测试','http://www.google.com','测试测试','http://www.google.com','测试测试','4e7610fc-e878-4734-8768-193c175d9a6b.jpg',NULL),(10,'2011-09-18 23:40:44','2011-09-18 23:40:44',0,1,'测试测试测试','测试测试测试','测试测试测试','2011-09-01','2011-10-31','测试测试测试','http://www.google.com','测试测试测试','http://www.google.com','测试测试测试','http://www.google.com','测试测试测试','http://www.google.com','测试测试','http://www.google.com','测试测试','4e761378-258c-4171-bbf3-193c175d9a6b.jpg',NULL),(11,'2011-09-18 23:40:44','2011-09-18 23:40:44',0,2,'测试测试测试','测试测试测试','测试测试测试','2011-09-01','2011-10-31','测试测试测试','http://www.google.com','测试测试测试','http://www.google.com','测试测试测试','http://www.google.com','测试测试测试','http://www.google.com','测试测试','http://www.google.com','测试测试','4e7610fc-e878-4734-8768-193c175d9a6b.jpg',NULL),(12,'2011-09-18 23:40:44','2011-09-18 23:40:44',0,1,'测试测试测试','测试测试测试','测试测试测试','2011-09-01','2011-10-31','测试测试测试','http://www.google.com','测试测试测试','http://www.google.com','测试测试测试','http://www.google.com','测试测试测试','http://www.google.com','测试测试','http://www.google.com','测试测试','4e761378-258c-4171-bbf3-193c175d9a6b.jpg',NULL),(13,'2011-09-18 23:40:44','2011-09-18 23:40:44',0,2,'测试测试测试','测试测试测试','测试测试测试','2011-09-01','2011-10-31','测试测试测试','http://www.google.com','测试测试测试','http://www.google.com','测试测试测试','http://www.google.com','测试测试测试','http://www.google.com','测试测试','http://www.google.com','测试测试','4e7610fc-e878-4734-8768-193c175d9a6b.jpg',NULL),(14,'2011-09-18 23:40:44','2011-09-18 23:40:44',0,1,'测试测试测试','测试测试测试','测试测试测试','2011-09-01','2011-10-31','测试测试测试','http://www.google.com','测试测试测试','http://www.google.com','测试测试测试','http://www.google.com','测试测试测试','http://www.google.com','测试测试','http://www.google.com','测试测试','4e761378-258c-4171-bbf3-193c175d9a6b.jpg',NULL),(15,'2011-09-18 23:40:44','2011-09-18 23:40:44',0,2,'测试测试测试','测试测试测试','测试测试测试','2011-09-01','2011-10-31','测试测试测试','http://www.google.com','测试测试测试','http://www.google.com','测试测试测试','http://www.google.com','测试测试测试','http://www.google.com','测试测试','http://www.google.com','测试测试','4e7610fc-e878-4734-8768-193c175d9a6b.jpg',NULL),(16,'2011-09-18 23:40:44','2011-09-18 23:40:44',0,1,'测试测试测试','测试测试测试','测试测试测试','2011-09-01','2011-10-31','测试测试测试','http://www.google.com','测试测试测试','http://www.google.com','测试测试测试','http://www.google.com','测试测试测试','http://www.google.com','测试测试','http://www.google.com','测试测试','4e761378-258c-4171-bbf3-193c175d9a6b.jpg',NULL),(17,'2011-09-18 23:40:44','2011-09-18 23:40:44',0,2,'测试测试测试','测试测试测试','测试测试测试','2011-09-01','2011-10-31','测试测试测试','http://www.google.com','测试测试测试','http://www.google.com','测试测试测试','http://www.google.com','测试测试测试','http://www.google.com','测试测试','http://www.google.com','测试测试','4e7610fc-e878-4734-8768-193c175d9a6b.jpg',NULL),(18,'2011-09-18 23:40:44','2011-09-18 23:40:44',0,1,'测试测试测试','测试测试测试','测试测试测试','2011-09-01','2011-10-31','测试测试测试','http://www.google.com','测试测试测试','http://www.google.com','测试测试测试','http://www.google.com','测试测试测试','http://www.google.com','测试测试','http://www.google.com','测试测试','4e761378-258c-4171-bbf3-193c175d9a6b.jpg',NULL),(19,'2011-09-18 23:40:44','2011-09-18 23:40:44',0,2,'测试测试测试','测试测试测试','测试测试测试','2011-09-01','2011-10-31','测试测试测试','http://www.google.com','测试测试测试','http://www.google.com','测试测试测试','http://www.google.com','测试测试测试','http://www.google.com','测试测试','http://www.google.com','测试测试','4e7610fc-e878-4734-8768-193c175d9a6b.jpg',NULL),(20,'2011-09-18 23:40:44','2011-09-18 23:40:44',0,1,'测试测试测试','测试测试测试','测试测试测试','2011-09-01','2011-10-31','测试测试测试','http://www.google.com','测试测试测试','http://www.google.com','测试测试测试','http://www.google.com','测试测试测试','http://www.google.com','测试测试','http://www.google.com','测试测试','4e761378-258c-4171-bbf3-193c175d9a6b.jpg',NULL),(21,'2011-09-18 23:40:44','2011-09-18 23:40:44',0,2,'测试测试测试','测试测试测试','测试测试测试','2011-09-01','2011-10-31','测试测试测试','http://www.google.com','测试测试测试','http://www.google.com','测试测试测试','http://www.google.com','测试测试测试','http://www.google.com','测试测试','http://www.google.com','测试测试','4e7610fc-e878-4734-8768-193c175d9a6b.jpg',NULL),(22,'2011-09-18 23:40:44','2011-09-18 23:40:44',0,1,'测试测试测试','测试测试测试','测试测试测试','2011-09-01','2011-10-31','测试测试测试','http://www.google.com','测试测试测试','http://www.google.com','测试测试测试','http://www.google.com','测试测试测试','http://www.google.com','测试测试','http://www.google.com','测试测试','4e761378-258c-4171-bbf3-193c175d9a6b.jpg',NULL),(23,'2011-09-18 23:40:44','2011-09-18 23:40:44',0,2,'测试测试测试','测试测试测试','测试测试测试','2011-09-01','2011-10-31','测试测试测试','http://www.google.com','测试测试测试','http://www.google.com','测试测试测试','http://www.google.com','测试测试测试','http://www.google.com','测试测试','http://www.google.com','测试测试','4e7610fc-e878-4734-8768-193c175d9a6b.jpg',NULL),(24,'2011-09-18 23:40:44','2011-09-18 23:40:44',0,1,'测试测试测试','测试测试测试','测试测试测试','2011-09-01','2011-10-31','测试测试测试','http://www.google.com','测试测试测试','http://www.google.com','测试测试测试','http://www.google.com','测试测试测试','http://www.google.com','测试测试','http://www.google.com','测试测试','4e761378-258c-4171-bbf3-193c175d9a6b.jpg',NULL),(25,'2011-09-18 23:40:44','2011-09-18 23:40:44',0,2,'测试测试测试','测试测试测试','测试测试测试','2011-09-01','2011-10-31','测试测试测试','http://www.google.com','测试测试测试','http://www.google.com','测试测试测试','http://www.google.com','测试测试测试','http://www.google.com','测试测试','http://www.google.com','测试测试','4e7610fc-e878-4734-8768-193c175d9a6b.jpg',NULL),(26,'2011-09-18 23:40:44','2011-09-18 23:40:44',0,1,'测试测试测试','测试测试测试','测试测试测试','2011-09-01','2011-10-31','测试测试测试','http://www.google.com','测试测试测试','http://www.google.com','测试测试测试','http://www.google.com','测试测试测试','http://www.google.com','测试测试','http://www.google.com','测试测试','4e761378-258c-4171-bbf3-193c175d9a6b.jpg',NULL),(27,'2011-09-18 23:40:44','2011-09-18 23:40:44',0,2,'测试测试测试','测试测试测试','测试测试测试','2011-09-01','2011-10-31','测试测试测试','http://www.google.com','测试测试测试','http://www.google.com','测试测试测试','http://www.google.com','测试测试测试','http://www.google.com','测试测试','http://www.google.com','测试测试','4e7610fc-e878-4734-8768-193c175d9a6b.jpg',NULL),(28,'2011-09-18 23:40:44','2011-09-18 23:40:44',0,1,'测试测试测试','测试测试测试','测试测试测试','2011-09-01','2011-10-31','测试测试测试','http://www.google.com','测试测试测试','http://www.google.com','测试测试测试','http://www.google.com','测试测试测试','http://www.google.com','测试测试','http://www.google.com','测试测试','4e761378-258c-4171-bbf3-193c175d9a6b.jpg',NULL),(29,'2011-09-18 23:40:44','2011-09-18 23:40:44',0,2,'测试测试测试','测试测试测试','测试测试测试','2011-09-01','2011-10-31','测试测试测试','http://www.google.com','测试测试测试','http://www.google.com','测试测试测试','http://www.google.com','测试测试测试','http://www.google.com','测试测试','http://www.google.com','测试测试','4e7610fc-e878-4734-8768-193c175d9a6b.jpg',NULL),(30,'2011-09-18 23:40:44','2011-09-18 23:40:44',0,1,'测试测试测试','测试测试测试','测试测试测试','2011-09-01','2011-10-31','测试测试测试','http://www.google.com','测试测试测试','http://www.google.com','测试测试测试','http://www.google.com','测试测试测试','http://www.google.com','测试测试','http://www.google.com','测试测试','4e761378-258c-4171-bbf3-193c175d9a6b.jpg',NULL),(31,'2011-09-18 23:40:44','2011-09-18 23:40:44',0,2,'测试测试测试','测试测试测试','测试测试测试','2011-09-01','2011-10-31','测试测试测试','http://www.google.com','测试测试测试','http://www.google.com','测试测试测试','http://www.google.com','测试测试测试','http://www.google.com','测试测试','http://www.google.com','测试测试','4e7610fc-e878-4734-8768-193c175d9a6b.jpg',NULL),(32,'2011-09-18 23:40:44','2011-09-18 23:40:44',0,1,'测试测试测试','测试测试测试','测试测试测试','2011-09-01','2011-10-31','测试测试测试','http://www.google.com','测试测试测试','http://www.google.com','测试测试测试','http://www.google.com','测试测试测试','http://www.google.com','测试测试','http://www.google.com','测试测试','4e761378-258c-4171-bbf3-193c175d9a6b.jpg',NULL),(33,'2011-09-18 23:40:44','2011-09-18 23:40:44',0,2,'测试测试测试','测试测试测试','测试测试测试','2011-09-01','2011-10-31','测试测试测试','http://www.google.com','测试测试测试','http://www.google.com','测试测试测试','http://www.google.com','测试测试测试','http://www.google.com','测试测试','http://www.google.com','测试测试','4e7610fc-e878-4734-8768-193c175d9a6b.jpg',NULL),(34,'2011-09-18 23:40:44','2011-09-18 23:40:44',0,1,'测试测试测试','测试测试测试','测试测试测试','2011-09-01','2011-10-31','测试测试测试','http://www.google.com','测试测试测试','http://www.google.com','测试测试测试','http://www.google.com','测试测试测试','http://www.google.com','测试测试','http://www.google.com','测试测试','4e761378-258c-4171-bbf3-193c175d9a6b.jpg',NULL),(35,'2011-09-18 23:40:44','2011-09-18 23:40:44',0,2,'测试测试测试','测试测试测试','测试测试测试','2011-09-01','2011-10-31','测试测试测试','http://www.google.com','测试测试测试','http://www.google.com','测试测试测试','http://www.google.com','测试测试测试','http://www.google.com','测试测试','http://www.google.com','测试测试','4e7610fc-e878-4734-8768-193c175d9a6b.jpg',NULL),(36,'2011-09-18 23:40:44','2011-09-18 23:40:44',0,1,'测试测试测试','测试测试测试','测试测试测试','2011-09-01','2011-10-31','测试测试测试','http://www.google.com','测试测试测试','http://www.google.com','测试测试测试','http://www.google.com','测试测试测试','http://www.google.com','测试测试','http://www.google.com','测试测试','4e761378-258c-4171-bbf3-193c175d9a6b.jpg',NULL),(37,'2011-09-18 23:40:44','2011-09-18 23:40:44',0,2,'测试测试测试','测试测试测试','测试测试测试','2011-09-01','2011-10-31','测试测试测试','http://www.google.com','测试测试测试','http://www.google.com','测试测试测试','http://www.google.com','测试测试测试','http://www.google.com','测试测试','http://www.google.com','测试测试','4e7610fc-e878-4734-8768-193c175d9a6b.jpg',NULL),(38,'2011-09-18 23:40:44','2011-09-18 23:40:44',0,1,'测试测试测试','测试测试测试','测试测试测试','2011-09-01','2011-10-31','测试测试测试','http://www.google.com','测试测试测试','http://www.google.com','测试测试测试','http://www.google.com','测试测试测试','http://www.google.com','测试测试','http://www.google.com','测试测试','4e761378-258c-4171-bbf3-193c175d9a6b.jpg',NULL),(39,'2011-09-18 23:40:44','2011-09-18 23:40:44',0,2,'测试测试测试','测试测试测试','测试测试测试','2011-09-01','2011-10-31','测试测试测试','http://www.google.com','测试测试测试','http://www.google.com','测试测试测试','http://www.google.com','测试测试测试','http://www.google.com','测试测试','http://www.google.com','测试测试','4e7610fc-e878-4734-8768-193c175d9a6b.jpg',NULL),(40,'2011-09-18 23:40:44','2011-09-18 23:40:44',0,1,'测试测试测试','测试测试测试','测试测试测试','2011-09-01','2011-10-31','测试测试测试','http://www.google.com','测试测试测试','http://www.google.com','测试测试测试','http://www.google.com','测试测试测试','http://www.google.com','测试测试','http://www.google.com','测试测试','4e761378-258c-4171-bbf3-193c175d9a6b.jpg',NULL),(41,'2011-09-18 23:40:44','2011-09-18 23:40:44',0,2,'测试测试测试','测试测试测试','测试测试测试','2011-09-01','2011-10-31','测试测试测试','http://www.google.com','测试测试测试','http://www.google.com','测试测试测试','http://www.google.com','测试测试测试','http://www.google.com','测试测试','http://www.google.com','测试测试','4e7610fc-e878-4734-8768-193c175d9a6b.jpg',NULL),(42,'2011-09-18 23:40:44','2011-09-18 23:40:44',0,1,'测试测试测试','测试测试测试','测试测试测试','2011-09-01','2011-10-31','测试测试测试','http://www.google.com','测试测试测试','http://www.google.com','测试测试测试','http://www.google.com','测试测试测试','http://www.google.com','测试测试','http://www.google.com','测试测试','4e761378-258c-4171-bbf3-193c175d9a6b.jpg',NULL),(43,'2011-09-18 23:40:44','2011-09-18 23:40:44',0,2,'测试测试测试','测试测试测试','测试测试测试','2011-09-01','2011-10-31','测试测试测试','http://www.google.com','测试测试测试','http://www.google.com','测试测试测试','http://www.google.com','测试测试测试','http://www.google.com','测试测试','http://www.google.com','测试测试','4e7610fc-e878-4734-8768-193c175d9a6b.jpg',NULL),(44,'2011-09-18 23:40:44','2011-09-18 23:40:44',0,1,'测试测试测试','测试测试测试','测试测试测试','2011-09-01','2011-10-31','测试测试测试','http://www.google.com','测试测试测试','http://www.google.com','测试测试测试','http://www.google.com','测试测试测试','http://www.google.com','测试测试','http://www.google.com','测试测试','4e761378-258c-4171-bbf3-193c175d9a6b.jpg',NULL),(45,'2011-09-18 23:40:44','2011-09-18 23:42:42',0,2,'测试测试测试','测试测试测试','测试测试测试','2011-09-01','2011-10-31','测试测试测试','http://www.google.com','测试测试测试','http://www.google.com','测试测试测试','http://www.google.com','测试测试测试','http://www.google.com','测试测试','http://www.google.com','测试测试','4e7610fc-e878-4734-8768-193c175d9a6b.jpg',NULL),(46,'2011-09-18 23:51:21','2011-09-18 23:57:08',0,1,'测试测试测试','测试测试测试','测试测试测试','2011-09-07','2011-10-27','','','','','','','','','','','','4e761378-258c-4171-bbf3-193c175d9a6b.jpg',NULL);

UNLOCK TABLES;

/*Table structure for table `home_banners` */

DROP TABLE IF EXISTS `home_banners`;

CREATE TABLE `home_banners` (
  `id` int(11) unsigned NOT NULL AUTO_INCREMENT,
  `created` datetime DEFAULT '0000-00-00 00:00:00',
  `modified` datetime DEFAULT '0000-00-00 00:00:00',
  `deleted` tinyint(1) DEFAULT '0',
  `image` varchar(255) DEFAULT NULL,
  `url` varchar(255) DEFAULT NULL,
  `description` text,
  `order` int(11) DEFAULT NULL,
  PRIMARY KEY (`id`)
) ENGINE=InnoDB AUTO_INCREMENT=27 DEFAULT CHARSET=utf8;

/*Data for the table `home_banners` */

LOCK TABLES `home_banners` WRITE;

insert  into `home_banners`(`id`,`created`,`modified`,`deleted`,`image`,`url`,`description`,`order`) values (20,'2011-09-17 14:15:34','2011-09-17 18:38:48',0,'4e7450dc-7580-414f-b4d5-0538175d9a6b.jpg','http://www.google.com','测试测试测试测试测试测试测试',3),(21,'2011-09-17 14:15:34','2011-09-17 18:38:48',0,'4e7450e8-4684-41c2-869c-0538175d9a6b.jpg','http://www.google.com','测试测试测试测试测试测试测',0),(22,'2011-09-17 14:15:34','2011-09-17 18:38:48',0,'4e743b06-f5c8-4ec6-9ce6-0538175d9a6b.jpg','http://www.google.com','测试测试测试测试测试测试测',1),(23,'2011-09-17 14:15:34','2011-09-17 18:38:48',0,'4e7450f6-7bd4-447e-9db3-0538175d9a6b.png','http://www.google.com','测试测试测试测试测试测试测',2),(24,'2011-09-17 14:15:34','2011-09-17 15:16:16',1,'4e743b06-f5c8-4ec6-9ce6-0538175d9a6b.jpg','http://www.google.com','测试测试测试测试测试测试测',NULL),(25,'2011-09-17 14:15:34','2011-09-17 15:16:14',1,'4e743b06-f5c8-4ec6-9ce6-0538175d9a6b.jpg','http://www.google.com','测试测试测试测试测试测试测',NULL),(26,'2011-09-17 14:15:34','2011-09-17 15:16:11',1,'4e743b06-f5c8-4ec6-9ce6-0538175d9a6b.jpg','http://www.google.com','测试测试测试测试测试测试测',NULL);

UNLOCK TABLES;

/*Table structure for table `home_events` */

DROP TABLE IF EXISTS `home_events`;

CREATE TABLE `home_events` (
  `id` int(11) unsigned NOT NULL AUTO_INCREMENT,
  `created` datetime DEFAULT '0000-00-00 00:00:00',
  `modified` datetime DEFAULT '0000-00-00 00:00:00',
  `deleted` tinyint(1) DEFAULT '0',
  `image` varchar(255) DEFAULT NULL,
  `url` varchar(255) DEFAULT NULL,
  `description` text,
  `order` int(11) DEFAULT NULL,
  PRIMARY KEY (`id`)
) ENGINE=InnoDB AUTO_INCREMENT=12 DEFAULT CHARSET=utf8;

/*Data for the table `home_events` */

LOCK TABLES `home_events` WRITE;

insert  into `home_events`(`id`,`created`,`modified`,`deleted`,`image`,`url`,`description`,`order`) values (5,'2011-09-17 18:05:14','2011-09-17 18:16:39',1,'4e7470da-a1c4-4b77-8bf6-0538175d9a6b.jpg','http://www.google.com','http://www.google.com',2),(6,'2011-09-17 18:09:01','2011-09-17 18:37:21',0,'4e7471bd-13c0-4bd0-915b-0538175d9a6b.jpg','http://www.google.com','http://www.google.com',1),(7,'2011-09-17 18:09:11','2011-09-17 18:37:21',0,'4e7471c7-3800-4de8-8379-0538175d9a6b.jpg','http://www.google.com','http://www.google.com',0),(11,'2011-09-17 18:14:11','2011-09-17 18:37:21',0,'4e7472f3-5728-4110-8aa8-0538175d9a6b.jpg','http://www.google.com','http://www.google.com',2);

UNLOCK TABLES;

/*Table structure for table `member_brand` */

DROP TABLE IF EXISTS `member_brand`;

CREATE TABLE `member_brand` (
  `id` int(11) unsigned NOT NULL AUTO_INCREMENT,
  `member_id` int(11) unsigned NOT NULL,
  `brand_id` int(11) unsigned NOT NULL,
  PRIMARY KEY (`id`),
  UNIQUE KEY `Relation` (`member_id`,`brand_id`),
  KEY `member_index` (`member_id`),
  KEY `brand_index` (`brand_id`),
  CONSTRAINT `FK_brand_member` FOREIGN KEY (`brand_id`) REFERENCES `brands` (`id`),
  CONSTRAINT `FK_member_brand` FOREIGN KEY (`member_id`) REFERENCES `members` (`id`)
) ENGINE=InnoDB AUTO_INCREMENT=19 DEFAULT CHARSET=utf8;

/*Data for the table `member_brand` */

LOCK TABLES `member_brand` WRITE;

insert  into `member_brand`(`id`,`member_id`,`brand_id`) values (1,45,7),(2,45,8),(3,45,9),(4,45,10),(5,45,11),(6,45,12),(7,45,13),(8,45,14),(9,45,15),(10,45,16),(11,45,17),(12,45,18),(13,45,19),(14,45,50),(15,45,51),(16,45,52),(17,45,53),(18,45,54);

UNLOCK TABLES;

/*Table structure for table `members` */

DROP TABLE IF EXISTS `members`;

CREATE TABLE `members` (
  `id` int(11) unsigned NOT NULL AUTO_INCREMENT,
  `created` datetime DEFAULT '0000-00-00 00:00:00',
  `modified` datetime DEFAULT '0000-00-00 00:00:00',
  `deleted` tinyint(1) DEFAULT '0',
  `email` varchar(255) DEFAULT NULL,
  `password` varchar(255) DEFAULT NULL,
  `nickname` varchar(255) DEFAULT NULL,
  `fullname` varchar(255) DEFAULT NULL,
  `gender` tinyint(255) DEFAULT NULL,
  `birthday` date DEFAULT NULL,
  `mobile` varchar(255) DEFAULT NULL,
  `phone` varchar(255) DEFAULT NULL,
  `district` int(11) DEFAULT NULL,
  `address` varchar(255) DEFAULT NULL,
  `actived` tinyint(1) DEFAULT '0',
  `last_login_time` datetime DEFAULT NULL,
  `last_login_ip` varchar(255) DEFAULT NULL,
  `first_login` tinyint(1) DEFAULT '1',
  PRIMARY KEY (`id`)
) ENGINE=InnoDB AUTO_INCREMENT=46 DEFAULT CHARSET=utf8;

/*Data for the table `members` */

LOCK TABLES `members` WRITE;

insert  into `members`(`id`,`created`,`modified`,`deleted`,`email`,`password`,`nickname`,`fullname`,`gender`,`birthday`,`mobile`,`phone`,`district`,`address`,`actived`,`last_login_time`,`last_login_ip`,`first_login`) values (1,'0000-00-00 00:00:00','0000-00-00 00:00:00',0,'asdj@qiwuei.com',NULL,'测试','测试',2,'1984-01-01','13800138000','02112345678',1,NULL,NULL,'2011-09-19 01:22:34','127.0.0.1',1),(2,'0000-00-00 00:00:00','0000-00-00 00:00:00',0,'asdj@qiwuei.com',NULL,'测试','测试',2,'1984-01-01','13800138000','02112345678',1,NULL,NULL,'2011-09-19 01:22:34','127.0.0.1',1),(3,'0000-00-00 00:00:00','0000-00-00 00:00:00',0,'asdj@qiwuei.com',NULL,'测试','测试',2,'1984-01-01','13800138000','02112345678',1,NULL,NULL,'2011-09-19 01:22:34','127.0.0.1',1),(4,'0000-00-00 00:00:00','0000-00-00 00:00:00',0,'asdj@qiwuei.com',NULL,'测试','测试',2,'1984-01-01','13800138000','02112345678',1,NULL,NULL,'2011-09-19 01:22:34','127.0.0.1',1),(5,'0000-00-00 00:00:00','0000-00-00 00:00:00',0,'asdj@qiwuei.com',NULL,'测试','测试',2,'1984-01-01','13800138000','02112345678',1,NULL,NULL,'2011-09-19 01:22:34','127.0.0.1',1),(6,'0000-00-00 00:00:00','0000-00-00 00:00:00',0,'asdj@qiwuei.com',NULL,'测试','测试',2,'1984-01-01','13800138000','02112345678',1,NULL,NULL,'2011-09-19 01:22:34','127.0.0.1',1),(7,'0000-00-00 00:00:00','0000-00-00 00:00:00',0,'asdj@qiwuei.com',NULL,'测试','测试',2,'1984-01-01','13800138000','02112345678',1,NULL,NULL,'2011-09-19 01:22:34','127.0.0.1',1),(8,'0000-00-00 00:00:00','0000-00-00 00:00:00',0,'asdj@qiwuei.com',NULL,'测试','测试',2,'1984-01-01','13800138000','02112345678',1,NULL,NULL,'2011-09-19 01:22:34','127.0.0.1',1),(9,'0000-00-00 00:00:00','0000-00-00 00:00:00',0,'asdj@qiwuei.com',NULL,'测试','测试',2,'1984-01-01','13800138000','02112345678',1,NULL,NULL,'2011-09-19 01:22:34','127.0.0.1',1),(10,'0000-00-00 00:00:00','0000-00-00 00:00:00',0,'asdj@qiwuei.com',NULL,'测试','测试',2,'1984-01-01','13800138000','02112345678',1,NULL,NULL,'2011-09-19 01:22:34','127.0.0.1',1),(11,'0000-00-00 00:00:00','0000-00-00 00:00:00',0,'asdj@qiwuei.com',NULL,'测试','测试',2,'1984-01-01','13800138000','02112345678',1,NULL,NULL,'2011-09-19 01:22:34','127.0.0.1',1),(12,'0000-00-00 00:00:00','0000-00-00 00:00:00',0,'asdj@qiwuei.com',NULL,'测试','测试',2,'1984-01-01','13800138000','02112345678',1,NULL,NULL,'2011-09-19 01:22:34','127.0.0.1',1),(13,'0000-00-00 00:00:00','0000-00-00 00:00:00',0,'asdj@qiwuei.com',NULL,'测试','测试',2,'1984-01-01','13800138000','02112345678',1,NULL,NULL,'2011-09-19 01:22:34','127.0.0.1',1),(14,'0000-00-00 00:00:00','0000-00-00 00:00:00',0,'asdj@qiwuei.com',NULL,'测试','测试',2,'1984-01-01','13800138000','02112345678',1,NULL,NULL,'2011-09-19 01:22:34','127.0.0.1',1),(15,'0000-00-00 00:00:00','0000-00-00 00:00:00',0,'asdj@qiwuei.com',NULL,'测试','测试',2,'1984-01-01','13800138000','02112345678',1,NULL,NULL,'2011-09-19 01:22:34','127.0.0.1',1),(16,'0000-00-00 00:00:00','0000-00-00 00:00:00',0,'asdj@qiwuei.com',NULL,'测试','测试',2,'1984-01-01','13800138000','02112345678',1,NULL,NULL,'2011-09-19 01:22:34','127.0.0.1',1),(17,'0000-00-00 00:00:00','0000-00-00 00:00:00',0,'asdj@qiwuei.com',NULL,'测试','测试',2,'1984-01-01','13800138000','02112345678',1,NULL,NULL,'2011-09-19 01:22:34','127.0.0.1',1),(18,'0000-00-00 00:00:00','0000-00-00 00:00:00',0,'asdj@qiwuei.com',NULL,'测试','测试',2,'1984-01-01','13800138000','02112345678',1,NULL,NULL,'2011-09-19 01:22:34','127.0.0.1',1),(19,'0000-00-00 00:00:00','0000-00-00 00:00:00',0,'asdj@qiwuei.com',NULL,'测试','测试',2,'1984-01-01','13800138000','02112345678',1,NULL,NULL,'2011-09-19 01:22:34','127.0.0.1',1),(20,'0000-00-00 00:00:00','0000-00-00 00:00:00',0,'asdj@qiwuei.com',NULL,'测试','测试',2,'1984-01-01','13800138000','02112345678',1,NULL,NULL,'2011-09-19 01:22:34','127.0.0.1',1),(21,'0000-00-00 00:00:00','0000-00-00 00:00:00',0,'asdj@qiwuei.com',NULL,'测试','测试',2,'1984-01-01','13800138000','02112345678',1,NULL,NULL,'2011-09-19 01:22:34','127.0.0.1',1),(22,'0000-00-00 00:00:00','0000-00-00 00:00:00',0,'asdj@qiwuei.com',NULL,'测试','测试',2,'1984-01-01','13800138000','02112345678',1,NULL,NULL,'2011-09-19 01:22:34','127.0.0.1',1),(23,'0000-00-00 00:00:00','0000-00-00 00:00:00',0,'asdj@qiwuei.com',NULL,'测试','测试',2,'1984-01-01','13800138000','02112345678',1,NULL,NULL,'2011-09-19 01:22:34','127.0.0.1',1),(24,'0000-00-00 00:00:00','0000-00-00 00:00:00',0,'asdj@qiwuei.com',NULL,'测试','测试',2,'1984-01-01','13800138000','02112345678',1,NULL,NULL,'2011-09-19 01:22:34','127.0.0.1',1),(25,'0000-00-00 00:00:00','0000-00-00 00:00:00',0,'asdj@qiwuei.com',NULL,'测试','测试',2,'1984-01-01','13800138000','02112345678',1,NULL,NULL,'2011-09-19 01:22:34','127.0.0.1',1),(26,'0000-00-00 00:00:00','0000-00-00 00:00:00',0,'asdj@qiwuei.com',NULL,'测试','测试',2,'1984-01-01','13800138000','02112345678',1,NULL,NULL,'2011-09-19 01:22:34','127.0.0.1',1),(27,'0000-00-00 00:00:00','0000-00-00 00:00:00',0,'asdj@qiwuei.com',NULL,'测试','测试',2,'1984-01-01','13800138000','02112345678',1,NULL,NULL,'2011-09-19 01:22:34','127.0.0.1',1),(28,'0000-00-00 00:00:00','0000-00-00 00:00:00',0,'asdj@qiwuei.com',NULL,'测试','测试',2,'1984-01-01','13800138000','02112345678',1,NULL,NULL,'2011-09-19 01:22:34','127.0.0.1',1),(29,'0000-00-00 00:00:00','0000-00-00 00:00:00',0,'asdj@qiwuei.com',NULL,'测试','测试',2,'1984-01-01','13800138000','02112345678',1,NULL,NULL,'2011-09-19 01:22:34','127.0.0.1',1),(30,'0000-00-00 00:00:00','0000-00-00 00:00:00',0,'asdj@qiwuei.com',NULL,'测试','测试',2,'1984-01-01','13800138000','02112345678',1,NULL,NULL,'2011-09-19 01:22:34','127.0.0.1',1),(31,'0000-00-00 00:00:00','0000-00-00 00:00:00',0,'asdj@qiwuei.com',NULL,'测试','测试',2,'1984-01-01','13800138000','02112345678',1,NULL,NULL,'2011-09-19 01:22:34','127.0.0.1',1),(32,'0000-00-00 00:00:00','0000-00-00 00:00:00',0,'asdj@qiwuei.com',NULL,'测试','测试',2,'1984-01-01','13800138000','02112345678',1,NULL,NULL,'2011-09-19 01:22:34','127.0.0.1',1),(33,'0000-00-00 00:00:00','0000-00-00 00:00:00',0,'asdj@qiwuei.com',NULL,'测试','测试',2,'1984-01-01','13800138000','02112345678',1,NULL,NULL,'2011-09-19 01:22:34','127.0.0.1',1),(34,'0000-00-00 00:00:00','0000-00-00 00:00:00',0,'asdj@qiwuei.com',NULL,'测试','测试',2,'1984-01-01','13800138000','02112345678',1,NULL,NULL,'2011-09-19 01:22:34','127.0.0.1',1),(35,'0000-00-00 00:00:00','0000-00-00 00:00:00',0,'asdj@qiwuei.com',NULL,'测试','测试',2,'1984-01-01','13800138000','02112345678',1,NULL,NULL,'2011-09-19 01:22:34','127.0.0.1',1),(36,'0000-00-00 00:00:00','0000-00-00 00:00:00',0,'asdj@qiwuei.com',NULL,'测试','测试',2,'1984-01-01','13800138000','02112345678',1,NULL,NULL,'2011-09-19 01:22:34','127.0.0.1',1),(37,'0000-00-00 00:00:00','0000-00-00 00:00:00',0,'asdj@qiwuei.com',NULL,'测试','测试',2,'1984-01-01','13800138000','02112345678',1,NULL,NULL,'2011-09-19 01:22:34','127.0.0.1',1),(38,'0000-00-00 00:00:00','0000-00-00 00:00:00',0,'asdj@qiwuei.com',NULL,'测试','测试',2,'1984-01-01','13800138000','02112345678',1,NULL,NULL,'2011-09-19 01:22:34','127.0.0.1',1),(39,'0000-00-00 00:00:00','0000-00-00 00:00:00',0,'asdj@qiwuei.com',NULL,'测试','测试',2,'1984-01-01','13800138000','02112345678',1,NULL,NULL,'2011-09-19 01:22:34','127.0.0.1',1),(40,'0000-00-00 00:00:00','0000-00-00 00:00:00',0,'asdj@qiwuei.com',NULL,'测试','测试',2,'1984-01-01','13800138000','02112345678',1,NULL,NULL,'2011-09-19 01:22:34','127.0.0.1',1),(41,'0000-00-00 00:00:00','0000-00-00 00:00:00',0,'asdj@qiwuei.com',NULL,'测试','测试',2,'1984-01-01','13800138000','02112345678',1,NULL,NULL,'2011-09-19 01:22:34','127.0.0.1',1),(42,'0000-00-00 00:00:00','0000-00-00 00:00:00',0,'asdj@qiwuei.com',NULL,'测试','测试',2,'1984-01-01','13800138000','02112345678',1,NULL,NULL,'2011-09-19 01:22:34','127.0.0.1',1),(43,'0000-00-00 00:00:00','0000-00-00 00:00:00',0,'asdj@qiwuei.com',NULL,'测试','测试',2,'1984-01-01','13800138000','02112345678',1,NULL,NULL,'2011-09-19 01:22:34','127.0.0.1',1),(44,'0000-00-00 00:00:00','0000-00-00 00:00:00',0,'asdj@qiwuei.com',NULL,'测试','测试',2,'1984-01-01','13800138000','02112345678',1,NULL,NULL,'2011-09-19 01:22:34','127.0.0.1',1),(45,'2011-10-08 10:31:36','2011-10-08 11:07:20',0,'caiknife@foxmail.com','c4dba9494baa43b818187f60c062f01c','caiknife',NULL,NULL,NULL,NULL,NULL,NULL,NULL,1,'2011-10-08 11:07:02','127.0.0.1',0);

UNLOCK TABLES;

/*Table structure for table `news` */

DROP TABLE IF EXISTS `news`;

CREATE TABLE `news` (
  `id` int(11) unsigned NOT NULL AUTO_INCREMENT,
  `created` datetime DEFAULT '0000-00-00 00:00:00',
  `modified` datetime DEFAULT '0000-00-00 00:00:00',
  `deleted` tinyint(1) DEFAULT '0',
  `title` varchar(255) DEFAULT NULL,
  `date` date DEFAULT '0000-00-00',
  `cat` int(11) DEFAULT NULL,
  `brief` text,
  `content` text,
  `source` varchar(255) DEFAULT NULL,
  `link` varchar(255) DEFAULT NULL,
  `image` varchar(255) DEFAULT NULL,
  PRIMARY KEY (`id`)
) ENGINE=InnoDB AUTO_INCREMENT=101 DEFAULT CHARSET=utf8;

/*Data for the table `news` */

LOCK TABLES `news` WRITE;

insert  into `news`(`id`,`created`,`modified`,`deleted`,`title`,`date`,`cat`,`brief`,`content`,`source`,`link`,`image`) values (1,'2011-09-18 18:33:12','2011-09-18 18:33:12',0,'ffffffffff','2011-09-13',2,'ffffffffffff','<p>ffffffffffffffffff</p>','','','4e75c8e7-1034-4406-8e93-193c175d9a6b.jpg'),(2,'2011-09-18 18:44:13','2011-09-18 18:44:13',0,'ggggg','2011-09-07',2,'gggggggggggggggg','<p>ggggggggggggggggggggg</p>','','http://www.google.com','4e75cb7d-d698-4d2f-92f1-193c175d9a6b.jpg'),(3,'2011-09-18 18:33:12','2011-09-18 18:33:12',0,'ffffffffff','2011-09-13',2,'ffffffffffff','<p>ffffffffffffffffff</p>','','','4e75c8e7-1034-4406-8e93-193c175d9a6b.jpg'),(4,'2011-09-18 18:44:13','2011-09-22 00:11:35',0,'ggggg','2011-09-07',2,'gggggggggggggggg','<p>\r\n	<strong>ggggggggggggggggggggg</strong>\r\n</p>','','http://www.google.com','4e75cb7d-d698-4d2f-92f1-193c175d9a6b.jpg'),(5,'2011-09-18 18:33:12','2011-09-18 18:33:12',0,'ffffffffff','2011-09-13',2,'ffffffffffff','<p>ffffffffffffffffff</p>','','','4e75c8e7-1034-4406-8e93-193c175d9a6b.jpg'),(6,'2011-09-18 18:44:13','2011-09-18 18:44:13',0,'ggggg','2011-09-07',2,'gggggggggggggggg','<p>ggggggggggggggggggggg</p>','','http://www.google.com','4e75cb7d-d698-4d2f-92f1-193c175d9a6b.jpg'),(7,'2011-09-18 18:33:12','2011-09-18 18:33:12',0,'ffffffffff','2011-09-13',2,'ffffffffffff','<p>ffffffffffffffffff</p>','','','4e75c8e7-1034-4406-8e93-193c175d9a6b.jpg'),(8,'2011-09-18 18:44:13','2011-09-18 18:44:13',0,'ggggg','2011-09-07',2,'gggggggggggggggg','<p>ggggggggggggggggggggg</p>','','http://www.google.com','4e75cb7d-d698-4d2f-92f1-193c175d9a6b.jpg'),(9,'2011-09-18 18:33:12','2011-09-18 18:33:12',0,'ffffffffff','2011-09-13',2,'ffffffffffff','<p>ffffffffffffffffff</p>','','','4e75c8e7-1034-4406-8e93-193c175d9a6b.jpg'),(10,'2011-09-18 18:44:13','2011-09-18 18:44:13',0,'ggggg','2011-09-07',2,'gggggggggggggggg','<p>ggggggggggggggggggggg</p>','','http://www.google.com','4e75cb7d-d698-4d2f-92f1-193c175d9a6b.jpg'),(11,'2011-09-18 18:33:12','2011-09-18 18:33:12',0,'ffffffffff','2011-09-13',2,'ffffffffffff','<p>ffffffffffffffffff</p>','','','4e75c8e7-1034-4406-8e93-193c175d9a6b.jpg'),(12,'2011-09-18 18:44:13','2011-09-18 18:44:13',0,'ggggg','2011-09-07',2,'gggggggggggggggg','<p>ggggggggggggggggggggg</p>','','http://www.google.com','4e75cb7d-d698-4d2f-92f1-193c175d9a6b.jpg'),(13,'2011-09-18 18:33:12','2011-09-18 18:33:12',0,'ffffffffff','2011-09-13',2,'ffffffffffff','<p>ffffffffffffffffff</p>','','','4e75c8e7-1034-4406-8e93-193c175d9a6b.jpg'),(14,'2011-09-18 18:44:13','2011-09-18 18:44:13',0,'ggggg','2011-09-07',2,'gggggggggggggggg','<p>ggggggggggggggggggggg</p>','','http://www.google.com','4e75cb7d-d698-4d2f-92f1-193c175d9a6b.jpg'),(15,'2011-09-18 18:33:12','2011-09-18 18:33:12',0,'ffffffffff','2011-09-13',2,'ffffffffffff','<p>ffffffffffffffffff</p>','','','4e75c8e7-1034-4406-8e93-193c175d9a6b.jpg'),(16,'2011-09-18 18:44:13','2011-09-18 18:44:13',0,'ggggg','2011-09-07',2,'gggggggggggggggg','<p>ggggggggggggggggggggg</p>','','http://www.google.com','4e75cb7d-d698-4d2f-92f1-193c175d9a6b.jpg'),(17,'2011-09-18 18:33:12','2011-09-18 18:33:12',0,'ffffffffff','2011-09-13',2,'ffffffffffff','<p>ffffffffffffffffff</p>','','','4e75c8e7-1034-4406-8e93-193c175d9a6b.jpg'),(18,'2011-09-18 18:44:13','2011-09-18 18:44:13',0,'ggggg','2011-09-07',2,'gggggggggggggggg','<p>ggggggggggggggggggggg</p>','','http://www.google.com','4e75cb7d-d698-4d2f-92f1-193c175d9a6b.jpg'),(19,'2011-09-18 18:33:12','2011-09-18 18:33:12',0,'ffffffffff','2011-09-13',2,'ffffffffffff','<p>ffffffffffffffffff</p>','','','4e75c8e7-1034-4406-8e93-193c175d9a6b.jpg'),(20,'2011-09-18 18:44:13','2011-09-18 18:44:13',0,'ggggg','2011-09-07',2,'gggggggggggggggg','<p>ggggggggggggggggggggg</p>','','http://www.google.com','4e75cb7d-d698-4d2f-92f1-193c175d9a6b.jpg'),(21,'2011-09-18 18:33:12','2011-09-18 18:33:12',0,'ffffffffff','2011-09-13',2,'ffffffffffff','<p>ffffffffffffffffff</p>','','','4e75c8e7-1034-4406-8e93-193c175d9a6b.jpg'),(22,'2011-09-18 18:44:13','2011-09-18 18:44:13',0,'ggggg','2011-09-07',2,'gggggggggggggggg','<p>ggggggggggggggggggggg</p>','','http://www.google.com','4e75cb7d-d698-4d2f-92f1-193c175d9a6b.jpg'),(23,'2011-09-18 18:33:12','2011-09-18 18:33:12',0,'ffffffffff','2011-09-13',2,'ffffffffffff','<p>ffffffffffffffffff</p>','','','4e75c8e7-1034-4406-8e93-193c175d9a6b.jpg'),(24,'2011-09-18 18:44:13','2011-09-18 18:44:13',0,'ggggg','2011-09-07',2,'gggggggggggggggg','<p>ggggggggggggggggggggg</p>','','http://www.google.com','4e75cb7d-d698-4d2f-92f1-193c175d9a6b.jpg'),(25,'2011-09-18 18:33:12','2011-09-18 18:33:12',0,'ffffffffff','2011-09-13',2,'ffffffffffff','<p>ffffffffffffffffff</p>','','','4e75c8e7-1034-4406-8e93-193c175d9a6b.jpg'),(26,'2011-09-18 18:44:13','2011-09-18 18:44:13',0,'ggggg','2011-09-07',2,'gggggggggggggggg','<p>ggggggggggggggggggggg</p>','','http://www.google.com','4e75cb7d-d698-4d2f-92f1-193c175d9a6b.jpg'),(27,'2011-09-18 18:33:12','2011-09-18 18:33:12',0,'ffffffffff','2011-09-13',2,'ffffffffffff','<p>ffffffffffffffffff</p>','','','4e75c8e7-1034-4406-8e93-193c175d9a6b.jpg'),(28,'2011-09-18 18:44:13','2011-09-18 18:44:13',0,'ggggg','2011-09-07',2,'gggggggggggggggg','<p>ggggggggggggggggggggg</p>','','http://www.google.com','4e75cb7d-d698-4d2f-92f1-193c175d9a6b.jpg'),(29,'2011-09-18 18:33:12','2011-09-18 18:33:12',0,'ffffffffff','2011-09-13',2,'ffffffffffff','<p>ffffffffffffffffff</p>','','','4e75c8e7-1034-4406-8e93-193c175d9a6b.jpg'),(30,'2011-09-18 18:44:13','2011-09-18 18:44:13',0,'ggggg','2011-09-07',2,'gggggggggggggggg','<p>ggggggggggggggggggggg</p>','','http://www.google.com','4e75cb7d-d698-4d2f-92f1-193c175d9a6b.jpg'),(31,'2011-09-18 18:33:12','2011-09-18 18:33:12',0,'ffffffffff','2011-09-13',2,'ffffffffffff','<p>ffffffffffffffffff</p>','','','4e75c8e7-1034-4406-8e93-193c175d9a6b.jpg'),(32,'2011-09-18 18:44:13','2011-09-18 18:44:13',0,'ggggg','2011-09-07',2,'gggggggggggggggg','<p>ggggggggggggggggggggg</p>','','http://www.google.com','4e75cb7d-d698-4d2f-92f1-193c175d9a6b.jpg'),(33,'2011-09-18 18:33:12','2011-09-18 18:33:12',0,'ffffffffff','2011-09-13',2,'ffffffffffff','<p>ffffffffffffffffff</p>','','','4e75c8e7-1034-4406-8e93-193c175d9a6b.jpg'),(34,'2011-09-18 18:44:13','2011-09-18 18:44:13',0,'ggggg','2011-09-07',2,'gggggggggggggggg','<p>ggggggggggggggggggggg</p>','','http://www.google.com','4e75cb7d-d698-4d2f-92f1-193c175d9a6b.jpg'),(35,'2011-09-18 18:33:12','2011-09-18 18:33:12',0,'ffffffffff','2011-09-13',2,'ffffffffffff','<p>ffffffffffffffffff</p>','','','4e75c8e7-1034-4406-8e93-193c175d9a6b.jpg'),(36,'2011-09-18 18:44:13','2011-09-18 18:44:13',0,'ggggg','2011-09-07',2,'gggggggggggggggg','<p>ggggggggggggggggggggg</p>','','http://www.google.com','4e75cb7d-d698-4d2f-92f1-193c175d9a6b.jpg'),(37,'2011-09-18 18:33:12','2011-09-18 18:33:12',0,'ffffffffff','2011-09-13',2,'ffffffffffff','<p>ffffffffffffffffff</p>','','','4e75c8e7-1034-4406-8e93-193c175d9a6b.jpg'),(38,'2011-09-18 18:44:13','2011-09-18 18:44:13',0,'ggggg','2011-09-07',2,'gggggggggggggggg','<p>ggggggggggggggggggggg</p>','','http://www.google.com','4e75cb7d-d698-4d2f-92f1-193c175d9a6b.jpg'),(39,'2011-09-18 18:33:12','2011-09-18 18:33:12',0,'ffffffffff','2011-09-13',2,'ffffffffffff','<p>ffffffffffffffffff</p>','','','4e75c8e7-1034-4406-8e93-193c175d9a6b.jpg'),(40,'2011-09-18 18:44:13','2011-09-18 18:44:13',0,'ggggg','2011-09-07',2,'gggggggggggggggg','<p>ggggggggggggggggggggg</p>','','http://www.google.com','4e75cb7d-d698-4d2f-92f1-193c175d9a6b.jpg'),(41,'2011-09-18 18:33:12','2011-09-18 18:33:12',0,'ffffffffff','2011-09-13',2,'ffffffffffff','<p>ffffffffffffffffff</p>','','','4e75c8e7-1034-4406-8e93-193c175d9a6b.jpg'),(42,'2011-09-18 18:44:13','2011-09-18 18:44:13',0,'ggggg','2011-09-07',2,'gggggggggggggggg','<p>ggggggggggggggggggggg</p>','','http://www.google.com','4e75cb7d-d698-4d2f-92f1-193c175d9a6b.jpg'),(43,'2011-09-18 18:33:12','2011-09-18 18:33:12',0,'ffffffffff','2011-09-13',2,'ffffffffffff','<p>ffffffffffffffffff</p>','','','4e75c8e7-1034-4406-8e93-193c175d9a6b.jpg'),(44,'2011-09-18 18:44:13','2011-09-18 18:44:13',0,'ggggg','2011-09-07',2,'gggggggggggggggg','<p>ggggggggggggggggggggg</p>','','http://www.google.com','4e75cb7d-d698-4d2f-92f1-193c175d9a6b.jpg'),(45,'2011-09-18 18:33:12','2011-09-18 18:33:12',0,'ffffffffff','2011-09-13',2,'ffffffffffff','<p>ffffffffffffffffff</p>','','','4e75c8e7-1034-4406-8e93-193c175d9a6b.jpg'),(46,'2011-09-18 18:44:13','2011-09-18 18:44:13',0,'ggggg','2011-09-07',2,'gggggggggggggggg','<p>ggggggggggggggggggggg</p>','','http://www.google.com','4e75cb7d-d698-4d2f-92f1-193c175d9a6b.jpg'),(47,'2011-09-18 18:33:12','2011-09-18 18:33:12',0,'ffffffffff','2011-09-13',2,'ffffffffffff','<p>ffffffffffffffffff</p>','','','4e75c8e7-1034-4406-8e93-193c175d9a6b.jpg'),(48,'2011-09-18 18:44:13','2011-09-18 18:44:13',0,'ggggg','2011-09-07',2,'gggggggggggggggg','<p>ggggggggggggggggggggg</p>','','http://www.google.com','4e75cb7d-d698-4d2f-92f1-193c175d9a6b.jpg'),(49,'2011-09-18 18:33:12','2011-09-18 18:33:12',0,'ffffffffff','2011-09-13',2,'ffffffffffff','<p>ffffffffffffffffff</p>','','','4e75c8e7-1034-4406-8e93-193c175d9a6b.jpg'),(50,'2011-09-18 18:44:13','2011-09-18 18:44:13',0,'ggggg','2011-09-07',2,'gggggggggggggggg','<p>ggggggggggggggggggggg</p>','','http://www.google.com','4e75cb7d-d698-4d2f-92f1-193c175d9a6b.jpg'),(51,'2011-09-18 18:33:12','2011-09-18 18:33:12',0,'ffffffffff','2011-09-13',2,'ffffffffffff','<p>ffffffffffffffffff</p>','','','4e75c8e7-1034-4406-8e93-193c175d9a6b.jpg'),(52,'2011-09-18 18:44:13','2011-09-18 18:44:13',0,'ggggg','2011-09-07',2,'gggggggggggggggg','<p>ggggggggggggggggggggg</p>','','http://www.google.com','4e75cb7d-d698-4d2f-92f1-193c175d9a6b.jpg'),(53,'2011-09-18 18:33:12','2011-09-18 18:33:12',0,'ffffffffff','2011-09-13',2,'ffffffffffff','<p>ffffffffffffffffff</p>','','','4e75c8e7-1034-4406-8e93-193c175d9a6b.jpg'),(54,'2011-09-18 18:44:13','2011-09-18 18:44:13',0,'ggggg','2011-09-07',2,'gggggggggggggggg','<p>ggggggggggggggggggggg</p>','','http://www.google.com','4e75cb7d-d698-4d2f-92f1-193c175d9a6b.jpg'),(55,'2011-09-18 18:33:12','2011-09-18 18:33:12',0,'ffffffffff','2011-09-13',2,'ffffffffffff','<p>ffffffffffffffffff</p>','','','4e75c8e7-1034-4406-8e93-193c175d9a6b.jpg'),(56,'2011-09-18 18:44:13','2011-09-18 18:44:13',0,'ggggg','2011-09-07',2,'gggggggggggggggg','<p>ggggggggggggggggggggg</p>','','http://www.google.com','4e75cb7d-d698-4d2f-92f1-193c175d9a6b.jpg'),(57,'2011-09-18 18:33:12','2011-09-18 18:33:12',0,'ffffffffff','2011-09-13',2,'ffffffffffff','<p>ffffffffffffffffff</p>','','','4e75c8e7-1034-4406-8e93-193c175d9a6b.jpg'),(58,'2011-09-18 18:44:13','2011-09-18 18:44:13',0,'ggggg','2011-09-07',2,'gggggggggggggggg','<p>ggggggggggggggggggggg</p>','','http://www.google.com','4e75cb7d-d698-4d2f-92f1-193c175d9a6b.jpg'),(59,'2011-09-18 18:33:12','2011-09-18 18:33:12',0,'ffffffffff','2011-09-13',2,'ffffffffffff','<p>ffffffffffffffffff</p>','','','4e75c8e7-1034-4406-8e93-193c175d9a6b.jpg'),(60,'2011-09-18 18:44:13','2011-09-18 18:44:13',0,'ggggg','2011-09-07',2,'gggggggggggggggg','<p>ggggggggggggggggggggg</p>','','http://www.google.com','4e75cb7d-d698-4d2f-92f1-193c175d9a6b.jpg'),(61,'2011-09-18 18:33:12','2011-09-18 18:33:12',0,'ffffffffff','2011-09-13',2,'ffffffffffff','<p>ffffffffffffffffff</p>','','','4e75c8e7-1034-4406-8e93-193c175d9a6b.jpg'),(62,'2011-09-18 18:44:13','2011-09-18 18:44:13',0,'ggggg','2011-09-07',2,'gggggggggggggggg','<p>ggggggggggggggggggggg</p>','','http://www.google.com','4e75cb7d-d698-4d2f-92f1-193c175d9a6b.jpg'),(63,'2011-09-18 18:33:12','2011-09-18 18:33:12',0,'ffffffffff','2011-09-13',2,'ffffffffffff','<p>ffffffffffffffffff</p>','','','4e75c8e7-1034-4406-8e93-193c175d9a6b.jpg'),(64,'2011-09-18 18:44:13','2011-09-18 18:44:13',0,'ggggg','2011-09-07',2,'gggggggggggggggg','<p>ggggggggggggggggggggg</p>','','http://www.google.com','4e75cb7d-d698-4d2f-92f1-193c175d9a6b.jpg'),(65,'2011-09-18 18:33:12','2011-09-18 18:33:12',0,'ffffffffff','2011-09-13',2,'ffffffffffff','<p>ffffffffffffffffff</p>','','','4e75c8e7-1034-4406-8e93-193c175d9a6b.jpg'),(66,'2011-09-18 18:44:13','2011-09-18 18:44:13',0,'ggggg','2011-09-07',2,'gggggggggggggggg','<p>ggggggggggggggggggggg</p>','','http://www.google.com','4e75cb7d-d698-4d2f-92f1-193c175d9a6b.jpg'),(67,'2011-09-18 18:33:12','2011-09-18 18:33:12',0,'ffffffffff','2011-09-13',2,'ffffffffffff','<p>ffffffffffffffffff</p>','','','4e75c8e7-1034-4406-8e93-193c175d9a6b.jpg'),(68,'2011-09-18 18:44:13','2011-09-18 18:44:13',0,'ggggg','2011-09-07',2,'gggggggggggggggg','<p>ggggggggggggggggggggg</p>','','http://www.google.com','4e75cb7d-d698-4d2f-92f1-193c175d9a6b.jpg'),(69,'2011-09-18 18:33:12','2011-09-18 18:33:12',0,'ffffffffff','2011-09-13',2,'ffffffffffff','<p>ffffffffffffffffff</p>','','','4e75c8e7-1034-4406-8e93-193c175d9a6b.jpg'),(70,'2011-09-18 18:44:13','2011-09-18 18:44:13',0,'ggggg','2011-09-07',2,'gggggggggggggggg','<p>ggggggggggggggggggggg</p>','','http://www.google.com','4e75cb7d-d698-4d2f-92f1-193c175d9a6b.jpg'),(71,'2011-09-18 18:33:12','2011-09-18 18:33:12',0,'ffffffffff','2011-09-13',2,'ffffffffffff','<p>ffffffffffffffffff</p>','','','4e75c8e7-1034-4406-8e93-193c175d9a6b.jpg'),(72,'2011-09-18 18:44:13','2011-09-18 18:44:13',0,'ggggg','2011-09-07',2,'gggggggggggggggg','<p>ggggggggggggggggggggg</p>','','http://www.google.com','4e75cb7d-d698-4d2f-92f1-193c175d9a6b.jpg'),(73,'2011-09-18 18:33:12','2011-09-18 18:33:12',0,'ffffffffff','2011-09-13',2,'ffffffffffff','<p>ffffffffffffffffff</p>','','','4e75c8e7-1034-4406-8e93-193c175d9a6b.jpg'),(74,'2011-09-18 18:44:13','2011-09-18 18:44:13',0,'ggggg','2011-09-07',2,'gggggggggggggggg','<p>ggggggggggggggggggggg</p>','','http://www.google.com','4e75cb7d-d698-4d2f-92f1-193c175d9a6b.jpg'),(75,'2011-09-18 18:33:12','2011-09-18 18:33:12',0,'ffffffffff','2011-09-13',2,'ffffffffffff','<p>ffffffffffffffffff</p>','','','4e75c8e7-1034-4406-8e93-193c175d9a6b.jpg'),(76,'2011-09-18 18:44:13','2011-09-18 18:44:13',0,'ggggg','2011-09-07',2,'gggggggggggggggg','<p>ggggggggggggggggggggg</p>','','http://www.google.com','4e75cb7d-d698-4d2f-92f1-193c175d9a6b.jpg'),(77,'2011-09-18 18:33:12','2011-09-18 18:33:12',0,'ffffffffff','2011-09-13',2,'ffffffffffff','<p>ffffffffffffffffff</p>','','','4e75c8e7-1034-4406-8e93-193c175d9a6b.jpg'),(78,'2011-09-18 18:44:13','2011-09-18 18:44:13',0,'ggggg','2011-09-07',2,'gggggggggggggggg','<p>ggggggggggggggggggggg</p>','','http://www.google.com','4e75cb7d-d698-4d2f-92f1-193c175d9a6b.jpg'),(79,'2011-09-18 18:33:12','2011-09-18 18:33:12',0,'ffffffffff','2011-09-13',2,'ffffffffffff','<p>ffffffffffffffffff</p>','','','4e75c8e7-1034-4406-8e93-193c175d9a6b.jpg'),(80,'2011-09-18 18:44:13','2011-09-18 18:44:13',0,'ggggg','2011-09-07',2,'gggggggggggggggg','<p>ggggggggggggggggggggg</p>','','http://www.google.com','4e75cb7d-d698-4d2f-92f1-193c175d9a6b.jpg'),(81,'2011-09-18 18:33:12','2011-09-18 18:33:12',0,'ffffffffff','2011-09-13',2,'ffffffffffff','<p>ffffffffffffffffff</p>','','','4e75c8e7-1034-4406-8e93-193c175d9a6b.jpg'),(82,'2011-09-18 18:44:13','2011-09-18 18:44:13',0,'ggggg','2011-09-07',2,'gggggggggggggggg','<p>ggggggggggggggggggggg</p>','','http://www.google.com','4e75cb7d-d698-4d2f-92f1-193c175d9a6b.jpg'),(83,'2011-09-18 18:33:12','2011-09-18 18:33:12',0,'ffffffffff','2011-09-13',2,'ffffffffffff','<p>ffffffffffffffffff</p>','','','4e75c8e7-1034-4406-8e93-193c175d9a6b.jpg'),(84,'2011-09-18 18:44:13','2011-09-18 18:44:13',0,'ggggg','2011-09-07',2,'gggggggggggggggg','<p>ggggggggggggggggggggg</p>','','http://www.google.com','4e75cb7d-d698-4d2f-92f1-193c175d9a6b.jpg'),(85,'2011-09-18 18:33:12','2011-09-18 18:33:12',0,'ffffffffff','2011-09-13',2,'ffffffffffff','<p>ffffffffffffffffff</p>','','','4e75c8e7-1034-4406-8e93-193c175d9a6b.jpg'),(86,'2011-09-18 18:44:13','2011-09-18 18:44:13',0,'ggggg','2011-09-07',2,'gggggggggggggggg','<p>ggggggggggggggggggggg</p>','','http://www.google.com','4e75cb7d-d698-4d2f-92f1-193c175d9a6b.jpg'),(87,'2011-09-18 18:33:12','2011-09-18 18:33:12',0,'ffffffffff','2011-09-13',2,'ffffffffffff','<p>ffffffffffffffffff</p>','','','4e75c8e7-1034-4406-8e93-193c175d9a6b.jpg'),(88,'2011-09-18 18:44:13','2011-09-18 18:44:13',0,'ggggg','2011-09-07',2,'gggggggggggggggg','<p>ggggggggggggggggggggg</p>','','http://www.google.com','4e75cb7d-d698-4d2f-92f1-193c175d9a6b.jpg'),(89,'2011-09-18 18:33:12','2011-09-18 18:33:12',0,'ffffffffff','2011-09-13',2,'ffffffffffff','<p>ffffffffffffffffff</p>','','','4e75c8e7-1034-4406-8e93-193c175d9a6b.jpg'),(90,'2011-09-18 18:44:13','2011-09-18 18:44:13',0,'ggggg','2011-09-07',2,'gggggggggggggggg','<p>ggggggggggggggggggggg</p>','','http://www.google.com','4e75cb7d-d698-4d2f-92f1-193c175d9a6b.jpg'),(91,'2011-09-18 18:33:12','2011-09-18 18:33:12',0,'ffffffffff','2011-09-13',2,'ffffffffffff','<p>ffffffffffffffffff</p>','','','4e75c8e7-1034-4406-8e93-193c175d9a6b.jpg'),(92,'2011-09-18 18:44:13','2011-09-18 18:44:13',0,'ggggg','2011-09-07',2,'gggggggggggggggg','<p>ggggggggggggggggggggg</p>','','http://www.google.com','4e75cb7d-d698-4d2f-92f1-193c175d9a6b.jpg'),(93,'2011-09-18 18:33:12','2011-09-18 18:33:12',0,'ffffffffff','2011-09-13',2,'ffffffffffff','<p>ffffffffffffffffff</p>','','','4e75c8e7-1034-4406-8e93-193c175d9a6b.jpg'),(94,'2011-09-18 18:44:13','2011-09-18 18:44:13',0,'ggggg','2011-09-07',2,'gggggggggggggggg','<p>ggggggggggggggggggggg</p>','','http://www.google.com','4e75cb7d-d698-4d2f-92f1-193c175d9a6b.jpg'),(95,'2011-09-18 18:33:12','2011-09-18 18:33:12',0,'ffffffffff','2011-09-13',2,'ffffffffffff','<p>ffffffffffffffffff</p>','','','4e75c8e7-1034-4406-8e93-193c175d9a6b.jpg'),(96,'2011-09-18 18:44:13','2011-09-18 18:44:13',0,'ggggg','2011-09-07',2,'gggggggggggggggg','<p>ggggggggggggggggggggg</p>','','http://www.google.com','4e75cb7d-d698-4d2f-92f1-193c175d9a6b.jpg'),(97,'2011-09-18 18:33:12','2011-09-18 18:33:12',0,'ffffffffff','2011-09-13',2,'ffffffffffff','<p>ffffffffffffffffff</p>','','','4e75c8e7-1034-4406-8e93-193c175d9a6b.jpg'),(98,'2011-09-18 18:44:13','2011-09-18 18:44:13',0,'ggggg','2011-09-07',2,'gggggggggggggggg','<p>ggggggggggggggggggggg</p>','','http://www.google.com','4e75cb7d-d698-4d2f-92f1-193c175d9a6b.jpg'),(99,'2011-09-18 18:33:12','2011-09-18 18:33:12',0,'ffffffffff','2011-09-13',2,'ffffffffffff','<p>ffffffffffffffffff</p>','','','4e75c8e7-1034-4406-8e93-193c175d9a6b.jpg'),(100,'2011-09-18 18:44:13','2011-09-18 18:44:13',0,'ggggg','2011-09-07',2,'gggggggggggggggg','<p>ggggggggggggggggggggg</p>','','http://www.google.com','4e75cb7d-d698-4d2f-92f1-193c175d9a6b.jpg');

UNLOCK TABLES;

/*Table structure for table `view_mb` */

DROP TABLE IF EXISTS `view_mb`;

/*!50001 DROP VIEW IF EXISTS `view_mb` */;
/*!50001 DROP TABLE IF EXISTS `view_mb` */;

/*!50001 CREATE TABLE  `view_mb`(
 `total` bigint(21) NOT NULL  default '0' ,
 `member_id` int(11) unsigned NOT NULL 
)*/;

/*Table structure for table `view_users` */

DROP TABLE IF EXISTS `view_users`;

/*!50001 DROP VIEW IF EXISTS `view_users` */;
/*!50001 DROP TABLE IF EXISTS `view_users` */;

/*!50001 CREATE TABLE  `view_users`(
 `id` int(11) unsigned NOT NULL  default '0' ,
 `created` datetime NULL  default '0000-00-00 00:00:00' ,
 `modified` datetime NULL  default '0000-00-00 00:00:00' ,
 `deleted` tinyint(1) NULL  default '0' ,
 `email` varchar(255) NULL ,
 `password` varchar(255) NULL ,
 `nickname` varchar(255) NULL ,
 `fullname` varchar(255) NULL ,
 `gender` tinyint(255) NULL ,
 `birthday` date NULL ,
 `mobile` varchar(255) NULL ,
 `phone` varchar(255) NULL ,
 `district` int(11) NULL ,
 `address` varchar(255) NULL ,
 `actived` tinyint(1) NULL  default '0' ,
 `last_login_time` datetime NULL ,
 `last_login_ip` varchar(255) NULL ,
 `first_login` tinyint(1) NULL  default '1' ,
 `total` bigint(21) NULL  default '0' 
)*/;

/*View structure for view view_mb */

/*!50001 DROP TABLE IF EXISTS `view_mb` */;
/*!50001 DROP VIEW IF EXISTS `view_mb` */;

/*!50001 CREATE ALGORITHM=UNDEFINED DEFINER=`root`@`localhost` SQL SECURITY DEFINER VIEW `view_mb` AS (select count(1) AS `total`,`member_brand`.`member_id` AS `member_id` from `member_brand` group by `member_brand`.`member_id`) */;

/*View structure for view view_users */

/*!50001 DROP TABLE IF EXISTS `view_users` */;
/*!50001 DROP VIEW IF EXISTS `view_users` */;

/*!50001 CREATE ALGORITHM=UNDEFINED DEFINER=`root`@`localhost` SQL SECURITY DEFINER VIEW `view_users` AS (select `members`.`id` AS `id`,`members`.`created` AS `created`,`members`.`modified` AS `modified`,`members`.`deleted` AS `deleted`,`members`.`email` AS `email`,`members`.`password` AS `password`,`members`.`nickname` AS `nickname`,`members`.`fullname` AS `fullname`,`members`.`gender` AS `gender`,`members`.`birthday` AS `birthday`,`members`.`mobile` AS `mobile`,`members`.`phone` AS `phone`,`members`.`district` AS `district`,`members`.`address` AS `address`,`members`.`actived` AS `actived`,`members`.`last_login_time` AS `last_login_time`,`members`.`last_login_ip` AS `last_login_ip`,`members`.`first_login` AS `first_login`,`view_mb`.`total` AS `total` from (`members` left join `view_mb` on((`members`.`id` = `view_mb`.`member_id`)))) */;

/*!40101 SET SQL_MODE=@OLD_SQL_MODE */;
/*!40014 SET UNIQUE_CHECKS=@OLD_UNIQUE_CHECKS */;
/*!40111 SET SQL_NOTES=@OLD_SQL_NOTES */;
